"Batch_No","Product","Site","Manufacture_Date","Release_Date","Operator_ID","Batch_Size_kg","Assay_pct","Dissolution_pct","pH","Moisture_pct","Yield_pct","Assay_Fail","Dissolution_Fail","pH_Fail","Moisture_Fail","Result","Batch_Status","Deviation_Raised","CAPA_Required"
"BN-CAR-202401-0491","Gardasil-Fill","Carlow","2024-01-25",2024-01-30,"OP-020",203.3,99.5,93.04,7.26,0.242,93.38,"No","No","No","No","Pass","Released","No","No"
"BN-DUN-202401-0572","Biologics-DS-B","Dunboyne","2024-01-26",2024-02-05,"OP-020",199.1,98.9,89.31,7.05,0.284,87.51,"No","No","No","No","Pass","Released","No","No"
"BN-BAL-202401-0087","HepC-API","Ballydine","2024-01-31",2024-02-13,"OP-007",248.3,98.81,91.18,7,0.429,92.65,"No","No","No","No","Pass","Released","No","No"
"BN-DUN-202402-0574","Biologics-DS-A","Dunboyne","2024-02-04",2024-02-16,"OP-001",247.2,97.84,88.1,7.08,0.377,78.4,"No","No","No","No","Pass","Released","No","No"
"BN-CAR-202402-0499","Gardasil-Fill","Carlow","2024-02-05",2024-02-18,"OP-001",98.5,99.31,88.01,7.17,0.291,88.49,"No","No","No","No","Pass","Released","No","No"
"BN-BRI-202403-0107","Oncology-BioTx_01","Brinny","2024-03-12",2024-03-24,"OP-009",98.9,98.94,86.05,7.17,0.388,88.22,"No","No","No","No","Pass","Released","No","No"
"BN-BRI-202403-0146","Oncology-BioTx_01","Brinny","2024-03-24",2024-04-03,"OP-009",197.4,98.96,95.27,7.15,0.343,86.62,"No","No","No","No","Pass","Released","No","No"
"BN-BRI-202403-0069","Oncology-BioTx_01","Brinny","2024-03-27",2024-04-04,"OP-016",98.8,99.59,86.99,6.91,0.186,86.53,"No","No","No","No","Pass","Released","No","No"
"BN-BRI-202404-0587","Oncology-BioTx_01","Brinny","2024-04-12",2024-04-17,"OP-004",52.3,98.47,85.76,7.18,0.21,84.64,"No","No","No","No","Pass","Released","No","No"
"BN-BAL-202404-0072","Keytruda-API","Ballydine","2024-04-16",2024-05-02,"OP-010",103.1,99.06,88.53,7.1,0.33,90.47,"No","No","No","No","Pass","Released","No","No"
"BN-CAR-202404-0419","Gardasil-Fill","Carlow","2024-04-18",2024-04-28,"OP-017",48.1,98.1,88.99,7.07,0.312,90.65,"No","No","No","No","Pass","Released","Yes","Yes"
"BN-BAL-202404-0593","Keytruda-API","Ballydine","2024-04-26",2024-05-09,"OP-008",51.7,98.75,84.33,6.99,0.393,88.32,"No","No","No","No","Pass","Released","No","No"
"BN-BAL-202404-0101","HepC-API","Ballydine","2024-04-27",2024-05-03,"OP-013",254.5,98.28,94.63,6.97,0.282,86.52,"No","No","No","No","Pass","Released","No","No"
"BN-DUN-202404-0277","Biologics-DS-A","Dunboyne","2024-04-27",2024-05-08,"OP-010",51.2,94.65,71.77,7.24,0.148,80.38,"Yes","Yes","No","No","Fail","Rejected","Yes","Yes"
"BN-DUN-202404-0570","Biologics-DS-A","Dunboyne","2024-04-30",2024-05-18,"OP-012",200.5,97.19,88.7,6.86,0.295,88.18,"No","No","No","No","Pass","Released","No","No"
"BN-CAR-202405-0380","Gardasil-Fill","Carlow","2024-05-01",2024-05-12,"OP-007",50.6,98.86,84.8,7.02,0.262,89.83,"No","No","No","No","Pass","Released","No","No"
"BN-DUN-202405-0344","Biologics-DS-A","Dunboyne","2024-05-13",2024-05-20,"OP-007",196.5,97.7,92.15,7.29,0.234,83.32,"No","No","No","No","Pass","Released","Yes","Yes"
"BN-CAR-202405-0217","Gardasil-Fill","Carlow","2024-05-16",2024-06-02,"OP-012",245.8,98.16,90.97,7.02,0.277,88.6,"No","No","No","No","Pass","Released","Yes","Yes"
"BN-DUN-202405-0186","Biologics-DS-B","Dunboyne","2024-05-18",2024-05-26,"OP-003",202.6,97.55,81.39,7.02,0.28,83.95,"No","No","No","No","Pass","Released","No","No"
"BN-DUN-202405-0063","Biologics-DS-B","Dunboyne","2024-05-20",2024-06-03,"OP-014",96.6,97.86,89.35,6.91,0.248,88.84,"No","No","No","No","Pass","Released","No","No"
"BN-CAR-202405-0282","Gardasil-Fill","Carlow","2024-05-24",2024-06-11,"OP-018",51.6,97.59,85.79,7.03,0.392,91.7,"No","No","No","No","Pass","Released","No","No"
"BN-CAR-202405-0079","Gardasil-Fill","Carlow","2024-05-26",2024-06-09,"OP-020",247.7,99.1,86.68,7.21,0.347,94.41,"No","No","No","No","Pass","Released","Yes","Yes"
"BN-DUN-202405-0370","Biologics-DS-A","Dunboyne","2024-05-27",2024-06-04,"OP-006",247.6,98.26,91.07,7.27,0.386,90.22,"No","No","No","No","Pass","Released","No","No"
"BN-DUN-202405-0220","Biologics-DS-A","Dunboyne","2024-05-28",2024-06-11,"OP-005",249.1,97.61,86.83,7.12,0.377,85.13,"No","No","No","No","Pass","Released","No","No"
"BN-DUN-202405-0448","Biologics-DS-B","Dunboyne","2024-05-31",2024-06-11,"OP-005",253.4,98.31,88.17,7.36,0.298,88.56,"No","No","No","No","Pass","Released","No","No"
"BN-DUN-202405-0556","Biologics-DS-A","Dunboyne","2024-05-31",2024-06-18,"OP-013",198.7,98.51,90.08,6.97,0.248,84.84,"No","No","No","No","Pass","Released","No","No"
"BN-CAR-202406-0102","Gardasil-Fill","Carlow","2024-06-09",2024-06-15,"OP-014",46.8,99.44,89.89,7.04,0.231,90.32,"No","No","No","No","Pass","Released","No","No"
"BN-DUN-202406-0328","Biologics-DS-B","Dunboyne","2024-06-12",2024-06-19,"OP-018",51.7,97.48,88.76,6.88,0.285,86.4,"No","No","No","No","Pass","Released","No","No"
"BN-BRI-202406-0341","Oncology-BioTx_01","Brinny","2024-06-14",2024-06-26,"OP-008",196.8,99,93.38,7.04,0.273,87.77,"No","No","No","No","Pass","Released","Yes","Yes"
"BN-BAL-202406-0336","HepC-API","Ballydine","2024-06-18",2024-06-30,"OP-020",48.5,98.98,92.41,6.98,0.275,84.61,"No","No","No","No","Pass","Released","No","No"
"BN-CAR-202406-0456","Gardasil-Fill","Carlow","2024-06-18",2024-07-06,"OP-015",202.2,98.01,95.59,7.02,0.286,88.09,"No","No","No","No","Pass","Released","No","No"
"BN-CAR-202406-0173","Gardasil-Fill","Carlow","2024-06-19",2024-07-03,"OP-004",96.9,98.92,80.91,7.36,0.321,86.95,"No","No","No","No","Pass","Released","No","No"
"BN-BAL-202406-0093","HepC-API","Ballydine","2024-06-27",2024-07-06,"OP-018",199.8,98.84,86.68,7.2,0.172,86.03,"No","No","No","No","Pass","Released","No","No"
"BN-DUN-202406-0436","Biologics-DS-B","Dunboyne","2024-06-29",2024-07-04,"OP-001",250.5,101.75,79.26,7.25,0.289,72.63,"Yes","Yes","No","No","Fail","Under Review","Yes","Yes"
"BN-DUN-202407-0199","Biologics-DS-B","Dunboyne","2024-07-03",2024-07-11,"OP-009",46,97.81,85.07,6.95,0.308,83.31,"No","No","No","No","Pass","Released","No","No"
"BN-BAL-202407-0053","HepC-API","Ballydine","2024-07-04",2024-07-09,"OP-004",249.1,99.26,87.95,7.07,0.212,85.77,"No","No","No","No","Pass","Released","No","No"
"BN-DUN-202407-0306","Biologics-DS-A","Dunboyne","2024-07-05",2024-07-15,"OP-006",53.7,97.84,86.27,7.13,0.134,81.82,"No","No","No","No","Pass","Released","No","No"
"BN-DUN-202407-0300","Biologics-DS-B","Dunboyne","2024-07-07",2024-07-23,"OP-006",99.8,98.44,82.37,7.07,0.329,87.83,"No","No","No","No","Pass","Released","No","No"
"BN-CAR-202407-0084","Gardasil-Fill","Carlow","2024-07-11",2024-07-27,"OP-020",52.6,98.47,84.4,6.91,0.295,95.38,"No","No","No","No","Pass","Released","No","No"
"BN-DUN-202407-0317","Biologics-DS-B","Dunboyne","2024-07-14",2024-07-29,"OP-002",246.6,99.04,93.27,6.88,0.334,87.03,"No","No","No","No","Pass","Released","No","No"
"BN-BAL-202407-0391","HepC-API","Ballydine","2024-07-14",2024-07-22,"OP-003",195.4,99.33,91.81,7.07,0.36,84.06,"No","No","No","No","Pass","Released","No","No"
"BN-DUN-202407-0546","Biologics-DS-A","Dunboyne","2024-07-19",2024-07-26,"OP-002",246.9,97.45,82.4,7.27,0.281,84.08,"No","No","No","No","Pass","Released","No","No"
"BN-CAR-202407-0463","Gardasil-Fill","Carlow","2024-07-20",2024-07-26,"OP-005",45.5,98.77,95.18,7.24,0.299,93.35,"No","No","No","No","Pass","Released","No","No"
"BN-DUN-202407-0096","Biologics-DS-A","Dunboyne","2024-07-21",2024-07-29,"OP-002",45.2,97,84.26,7.05,0.311,81.51,"No","No","No","No","Pass","Released","No","No"
"BN-DUN-202407-0320","Biologics-DS-B","Dunboyne","2024-07-22",2024-08-04,"OP-003",102.3,97.98,89.59,7.07,0.302,90.47,"No","No","No","No","Pass","Released","No","No"
"BN-DUN-202407-0404","Biologics-DS-B","Dunboyne","2024-07-25",2024-08-09,"OP-014",101.1,94.38,70.77,7.19,0.372,79.8,"Yes","Yes","No","No","Fail","Under Review","Yes","Yes"
"BN-DUN-202407-0227","Biologics-DS-A","Dunboyne","2024-07-30",2024-08-12,"OP-019",49.5,97.23,90.49,7,0.29,82.21,"No","No","No","No","Pass","Released","No","No"
"BN-BRI-202407-0510","Oncology-BioTx_01","Brinny","2024-07-30",2024-08-06,"OP-010",102.2,97,91.26,7.08,0.261,88.21,"No","No","No","No","Pass","Released","No","No"
"BN-CAR-202408-0116","Gardasil-Fill","Carlow","2024-08-03",2024-08-12,"OP-012",95.5,98.18,88.33,7.11,0.294,92.57,"No","No","No","No","Pass","Released","No","No"
"BN-BAL-202408-0351","HepC-API","Ballydine","2024-08-03",2024-08-16,"OP-009",52.6,98.97,82.84,7.21,0.152,87.11,"No","No","No","No","Pass","Released","No","No"
"BN-BAL-202408-0269","HepC-API","Ballydine","2024-08-05",2024-08-12,"OP-017",248.3,98.57,89.38,7.13,0.208,88.04,"No","No","No","No","Pass","Released","No","No"
"BN-BAL-202408-0534","Keytruda-API","Ballydine","2024-08-06",2024-08-18,"OP-010",203.6,98.21,92.93,7.12,0.22,88.29,"No","No","No","No","Pass","Released","No","No"
"BN-DUN-202408-0089","Biologics-DS-B","Dunboyne","2024-08-07",2024-08-23,"OP-012",197.8,98.53,87.14,6.94,0.32,87.74,"No","No","No","No","Pass","Released","No","No"
"BN-CAR-202408-0130","Gardasil-Fill","Carlow","2024-08-07",2024-08-20,"OP-008",245.8,100.11,84.4,7.25,0.286,91.6,"No","No","No","No","Pass","Released","No","No"
"BN-BRI-202408-0316","Oncology-BioTx_01","Brinny","2024-08-08",2024-08-16,"OP-005",200.4,98.25,85.94,7.13,0.368,83.82,"No","No","No","No","Pass","Released","No","No"
"BN-BRI-202408-0092","Oncology-BioTx_01","Brinny","2024-08-12",2024-08-19,"OP-011",101.6,99.02,88.94,7.17,0.18,86.6,"No","No","No","No","Pass","Released","No","No"
"BN-BRI-202408-0278","Oncology-BioTx_01","Brinny","2024-08-13",2024-08-19,"OP-003",203.9,98.72,87.99,7.19,0.307,86.57,"No","No","No","No","Pass","Released","No","No"
"BN-BAL-202408-0352","HepC-API","Ballydine","2024-08-13",2024-08-19,"OP-008",200.4,102.25,77.67,7.25,0.269,73.41,"Yes","Yes","No","No","Fail","Under Review","Yes","Yes"
"BN-BAL-202408-0407","Keytruda-API","Ballydine","2024-08-14",2024-08-28,"OP-014",48.4,99.07,89.61,7.07,0.241,88.39,"No","No","No","No","Pass","Released","No","No"
"BN-BRI-202408-0157","Oncology-BioTx_01","Brinny","2024-08-15",2024-09-01,"OP-007",249,99.49,89.92,6.81,0.171,88.11,"No","No","No","No","Pass","Released","No","No"
"BN-DUN-202408-0192","Biologics-DS-A","Dunboyne","2024-08-15",2024-08-26,"OP-014",104.1,97.32,89.74,7.04,0.229,87.89,"No","No","No","No","Pass","Released","No","No"
"BN-DUN-202408-0333","Biologics-DS-B","Dunboyne","2024-08-15",2024-08-25,"OP-016",48.9,97.67,84.45,6.99,0.278,83.65,"No","No","No","No","Pass","Released","No","No"
"BN-DUN-202408-0263","Biologics-DS-B","Dunboyne","2024-08-16",2024-08-31,"OP-010",95.4,98.53,90.67,7.09,0.293,89.63,"No","No","No","No","Pass","Released","No","No"
"BN-BAL-202408-0246","Keytruda-API","Ballydine","2024-08-24",2024-09-10,"OP-007",253.7,97.91,87.62,7.25,0.278,85.6,"No","No","No","No","Pass","Released","No","No"
"BN-BAL-202408-0149","Keytruda-API","Ballydine","2024-08-25",2024-09-08,"OP-005",49.6,98.81,88.93,6.95,0.268,88.13,"No","No","No","No","Pass","Released","No","No"
"BN-BAL-202408-0247","Keytruda-API","Ballydine","2024-08-26",2024-09-07,"OP-001",251.5,100.24,85.81,7.4,0.298,86.82,"No","No","No","No","Pass","Released","No","No"
"BN-BAL-202408-0219","Keytruda-API","Ballydine","2024-08-28",2024-09-15,"OP-014",46.2,98.45,90.31,7.1,0.233,89.41,"No","No","No","No","Pass","Released","No","No"
"BN-DUN-202408-0433","Biologics-DS-A","Dunboyne","2024-08-28",2024-09-04,"OP-007",201,102.75,72.25,7.17,0.603,74.69,"Yes","Yes","No","Yes","Fail","Under Review","Yes","Yes"
"BN-DUN-202408-0457","Biologics-DS-A","Dunboyne","2024-08-28",2024-09-04,"OP-016",97,97.41,88.71,7.06,0.322,88.32,"No","No","No","No","Pass","Released","Yes","Yes"
"BN-BAL-202409-0298","HepC-API","Ballydine","2024-09-01",2024-09-09,"OP-005",203.7,100.15,87.39,7.13,0.3,89.29,"No","No","No","No","Pass","Released","No","No"
"BN-CAR-202409-0036","Gardasil-Fill","Carlow","2024-09-03",2024-09-20,"OP-009",52.3,97.75,86.93,6.99,0.35,87.67,"No","No","No","No","Pass","Released","No","No"
"BN-BRI-202409-0295","Oncology-BioTx_01","Brinny","2024-09-03",2024-09-20,"OP-009",247.1,99.45,88.44,7.2,0.257,84.69,"No","No","No","No","Pass","Released","No","No"
"BN-BAL-202409-0121","HepC-API","Ballydine","2024-09-04",2024-09-17,"OP-008",198.2,99.43,85.86,6.81,0.276,86.35,"No","No","No","No","Pass","Released","No","No"
"BN-CAR-202409-0270","Gardasil-Fill","Carlow","2024-09-07",2024-09-25,"OP-010",248.6,99.33,90.83,7.05,0.273,89.8,"No","No","No","No","Pass","Released","No","No"
"BN-BRI-202409-0343","Oncology-BioTx_01","Brinny","2024-09-08",2024-09-25,"OP-017",250.1,99.05,93.55,7.12,0.222,89.38,"No","No","No","No","Pass","Released","No","No"
"BN-DUN-202409-0135","Biologics-DS-A","Dunboyne","2024-09-10",2024-09-18,"OP-007",48.3,97.6,88.99,7.06,0.273,85.05,"No","No","No","No","Pass","Released","No","No"
"BN-DUN-202409-0057","Biologics-DS-A","Dunboyne","2024-09-11",2024-09-25,"OP-016",100.3,97.74,85.91,7.18,0.123,86.02,"No","No","No","No","Pass","Released","No","No"
"BN-DUN-202409-0406","Biologics-DS-B","Dunboyne","2024-09-14",2024-09-21,"OP-009",95.3,97.73,92.28,7.1,0.28,86.04,"No","No","No","No","Pass","Released","No","No"
"BN-DUN-202409-0517","Biologics-DS-B","Dunboyne","2024-09-14",2024-09-24,"OP-018",48.4,98.84,83.78,7.2,0.175,86.46,"No","No","No","No","Pass","Released","No","No"
"BN-BAL-202409-0194","Keytruda-API","Ballydine","2024-09-15",2024-09-24,"OP-002",249.7,99.41,91.34,7.32,0.272,88.96,"No","No","No","No","Pass","Released","No","No"
"BN-CAR-202409-0065","Gardasil-Fill","Carlow","2024-09-20",2024-10-06,"OP-003",197.8,98.27,91.16,7.11,0.399,92.88,"No","No","No","No","Pass","Released","No","No"
"BN-BAL-202409-0193","Keytruda-API","Ballydine","2024-09-20",2024-09-28,"OP-002",249.5,98.75,89.76,7.05,0.268,87.05,"No","No","No","No","Pass","Released","No","No"
"BN-BRI-202409-0222","Oncology-BioTx_01","Brinny","2024-09-20",2024-10-07,"OP-011",199.4,98.36,84.79,7.23,0.265,90.33,"No","No","No","No","Pass","Released","No","No"
"BN-BAL-202409-0195","HepC-API","Ballydine","2024-09-22",2024-10-07,"OP-008",98.9,99.72,92.16,6.96,0.31,89.29,"No","No","No","No","Pass","Released","No","No"
"BN-BAL-202409-0418","Keytruda-API","Ballydine","2024-09-24",2024-10-05,"OP-019",245.2,97.86,88.42,7.11,0.258,88.54,"No","No","No","No","Pass","Released","No","No"
"BN-DUN-202409-0442","Biologics-DS-A","Dunboyne","2024-09-24",2024-10-01,"OP-004",102.7,97.94,91.41,7.02,0.29,82.27,"No","No","No","No","Pass","Released","No","No"
"BN-BAL-202409-0095","HepC-API","Ballydine","2024-09-26",2024-10-10,"OP-001",101.5,99.25,91.57,7,0.243,86.66,"No","No","No","No","Pass","Released","No","No"
"BN-DUN-202409-0562","Biologics-DS-A","Dunboyne","2024-09-30",2024-10-12,"OP-015",252.7,97,91.74,7.09,0.244,83.74,"No","No","No","No","Pass","Released","No","No"
"BN-DUN-202410-0238","Biologics-DS-B","Dunboyne","2024-10-03",2024-10-20,"OP-010",46.6,98.25,84.08,7.33,0.114,83.95,"No","No","No","No","Pass","Released","No","No"
"BN-CAR-202410-0475","Gardasil-Fill","Carlow","2024-10-03",2024-10-08,"OP-002",249.6,102.24,77.52,7.1,0.72,77.14,"Yes","Yes","No","Yes","Fail","Under Review","Yes","Yes"
"BN-BAL-202410-0284","Keytruda-API","Ballydine","2024-10-04",2024-10-11,"OP-018",52.1,99.69,85.68,6.98,0.286,89.4,"No","No","No","No","Pass","Released","No","No"
"BN-DUN-202410-0331","Biologics-DS-A","Dunboyne","2024-10-04",2024-10-12,"OP-017",48.8,97,91.32,7.06,0.28,83.24,"No","No","No","No","Pass","Released","No","No"
"BN-DUN-202410-0028","Biologics-DS-A","Dunboyne","2024-10-09",2024-10-25,"OP-007",95.1,97.51,84.48,7.14,0.287,83.58,"No","No","No","No","Pass","Released","No","No"
"BN-BRI-202410-0261","Oncology-BioTx_01","Brinny","2024-10-10",2024-10-22,"OP-005",246.7,98.09,94.06,7.2,0.371,84.82,"No","No","No","No","Pass","Released","No","No"
"BN-DUN-202410-0497","Biologics-DS-A","Dunboyne","2024-10-10",2024-10-28,"OP-007",246.9,97.57,84.02,7.2,0.226,87.53,"No","No","No","No","Pass","Released","Yes","Yes"
"BN-BAL-202410-0189","HepC-API","Ballydine","2024-10-12",2024-10-19,"OP-007",102.7,98.66,86.18,7.24,0.294,87.27,"No","No","No","No","Pass","Released","No","No"
"BN-BRI-202410-0200","Oncology-BioTx_01","Brinny","2024-10-12",2024-10-25,"OP-004",253.9,98.98,88.38,7.08,0.375,85.35,"No","No","No","No","Pass","Released","No","No"
"BN-CAR-202410-0528","Gardasil-Fill","Carlow","2024-10-14",2024-10-28,"OP-011",254.6,98.34,93.52,7.14,0.322,90.81,"No","No","No","No","Pass","Released","No","No"
"BN-BRI-202410-0309","Oncology-BioTx_01","Brinny","2024-10-16",2024-10-31,"OP-007",199,99.01,81.46,7.2,0.307,90.45,"No","No","No","No","Pass","Released","No","No"
"BN-DUN-202410-0066","Biologics-DS-B","Dunboyne","2024-10-17",2024-10-30,"OP-001",98.2,99.42,91.88,7.08,0.229,83.7,"No","No","No","No","Pass","Released","No","No"
"BN-BAL-202410-0327","Keytruda-API","Ballydine","2024-10-20",2024-11-02,"OP-013",54.4,99.34,88.59,7.03,0.38,89.01,"No","No","No","No","Pass","Released","No","No"
"BN-DUN-202410-0055","Biologics-DS-B","Dunboyne","2024-10-22",2024-10-31,"OP-020",54.6,97.81,90.19,6.94,0.33,83.73,"No","No","No","No","Pass","Released","Yes","Yes"
"BN-BAL-202410-0487","Keytruda-API","Ballydine","2024-10-23",2024-11-01,"OP-007",195.1,99.22,84.86,7.14,0.41,85.64,"No","No","No","No","Pass","Released","No","No"
"BN-DUN-202410-0353","Biologics-DS-B","Dunboyne","2024-10-24",2024-11-04,"OP-011",99.3,97.27,85.17,7.21,0.234,87.67,"No","No","No","No","Pass","Released","No","No"
"BN-BAL-202410-0488","HepC-API","Ballydine","2024-10-24",2024-11-10,"OP-013",253.9,98.94,89.66,6.95,0.146,92.52,"No","No","No","No","Pass","Released","No","No"
"BN-BAL-202410-0388","HepC-API","Ballydine","2024-10-28",2024-11-02,"OP-004",99.3,99.78,88.42,7.17,0.254,88.43,"No","No","No","No","Pass","Released","No","No"
"BN-DUN-202410-0272","Biologics-DS-A","Dunboyne","2024-10-29",2024-11-11,"OP-002",203.2,98.14,89.96,6.96,0.159,86.27,"No","No","No","No","Pass","Released","No","No"
"BN-BAL-202410-0424","Keytruda-API","Ballydine","2024-10-29",2024-11-04,"OP-001",246.8,99.83,88.83,7.18,0.269,85.99,"No","No","No","No","Pass","Released","No","No"
"BN-DUN-202410-0384","Biologics-DS-B","Dunboyne","2024-10-30",2024-11-16,"OP-016",200.3,98.14,81.49,7.13,0.22,90.39,"No","No","No","No","Pass","Released","No","No"
"BN-BAL-202411-0033","HepC-API","Ballydine","2024-11-01",2024-11-17,"OP-019",46.2,98.12,89.53,7.07,0.11,92.01,"No","No","No","No","Pass","Released","No","No"
"BN-DUN-202411-0303","Biologics-DS-A","Dunboyne","2024-11-02",2024-11-19,"OP-007",50.8,98.1,91.12,7.11,0.354,83.68,"No","No","No","No","Pass","Released","No","No"
"BN-DUN-202411-0011","Biologics-DS-B","Dunboyne","2024-11-04",2024-11-14,"OP-017",246,98.36,88.27,7.03,0.224,84.72,"No","No","No","No","Pass","Released","No","No"
"BN-DUN-202411-0226","Biologics-DS-A","Dunboyne","2024-11-04",2024-11-19,"OP-019",49.2,97,88.39,6.89,0.328,80.6,"No","No","No","No","Pass","Released","No","No"
"BN-BAL-202411-0286","Keytruda-API","Ballydine","2024-11-09",2024-11-20,"OP-005",198.1,100.34,87.67,7.09,0.315,88.03,"No","No","No","No","Pass","Released","Yes","Yes"
"BN-BRI-202411-0097","Oncology-BioTx_01","Brinny","2024-11-10",2024-11-17,"OP-002",53.5,98.44,85.04,7.22,0.317,85.3,"No","No","No","No","Pass","Released","No","No"
"BN-DUN-202411-0529","Biologics-DS-A","Dunboyne","2024-11-12",2024-11-17,"OP-019",104,97.55,86.17,6.96,0.326,83.25,"No","No","No","No","Pass","Released","No","No"
"BN-BAL-202411-0152","HepC-API","Ballydine","2024-11-18",2024-11-23,"OP-016",104.3,98.68,86.74,7.04,0.245,87,"No","No","No","No","Pass","Released","No","No"
"BN-DUN-202411-0250","Biologics-DS-A","Dunboyne","2024-11-18",2024-11-30,"OP-011",48.7,97.33,84.22,7.05,0.252,86.26,"No","No","No","No","Pass","Released","No","No"
"BN-BRI-202411-0288","Oncology-BioTx_01","Brinny","2024-11-18",2024-11-27,"OP-014",245.4,99.53,88.18,7.19,0.3,87.15,"No","No","No","No","Pass","Released","No","No"
"BN-BAL-202411-0104","HepC-API","Ballydine","2024-11-19",2024-12-05,"OP-009",250.3,99.66,90.91,7.24,0.235,92.6,"No","No","No","No","Pass","Released","No","No"
"BN-DUN-202411-0310","Biologics-DS-B","Dunboyne","2024-11-22",2024-12-07,"OP-003",52,97.95,86.31,7.1,0.269,86.62,"No","No","No","No","Pass","Released","Yes","Yes"
"BN-CAR-202411-0076","Gardasil-Fill","Carlow","2024-11-23",2024-12-10,"OP-010",96.7,98.97,92.01,6.93,0.309,94.71,"No","No","No","No","Pass","Released","No","No"
"BN-CAR-202411-0348","Gardasil-Fill","Carlow","2024-11-24",2024-12-02,"OP-004",53.7,98.87,88.32,7.05,0.197,90,"No","No","No","No","Pass","Released","No","No"
"BN-BAL-202411-0038","HepC-API","Ballydine","2024-11-26",2024-12-12,"OP-016",197.5,98.99,87.01,7.19,0.282,85.7,"No","No","No","No","Pass","Released","No","No"
"BN-DUN-202411-0143","Biologics-DS-B","Dunboyne","2024-11-27",2024-12-08,"OP-001",55,98.05,90.44,7.12,0.205,84.76,"No","No","No","No","Pass","Released","No","No"
"BN-BRI-202411-0493","Oncology-BioTx_01","Brinny","2024-11-29",2024-12-12,"OP-017",250.2,100.37,82.28,7.2,0.276,89.26,"No","No","No","No","Pass","Released","No","No"
"BN-BAL-202411-0435","HepC-API","Ballydine","2024-11-30",2024-12-13,"OP-011",252.4,99.24,92.32,7.1,0.322,89.53,"No","No","No","No","Pass","Released","No","No"
"BN-BRI-202412-0251","Oncology-BioTx_01","Brinny","2024-12-01",2024-12-19,"OP-006",53.7,99.17,88.86,7.2,0.262,86.17,"No","No","No","No","Pass","Released","No","No"
"BN-BAL-202412-0503","Keytruda-API","Ballydine","2024-12-02",2024-12-16,"OP-016",102.2,98.47,89.22,7.02,0.263,86.04,"No","No","No","No","Pass","Released","No","No"
"BN-BAL-202412-0085","Keytruda-API","Ballydine","2024-12-03",2024-12-19,"OP-017",54.1,99.92,83.22,6.88,0.271,84.21,"No","No","No","No","Pass","Released","No","No"
"BN-DUN-202412-0094","Biologics-DS-A","Dunboyne","2024-12-03",2024-12-20,"OP-013",96.2,97.38,86.07,7.23,0.338,85.78,"No","No","No","No","Pass","Released","No","No"
"BN-DUN-202412-0421","Biologics-DS-B","Dunboyne","2024-12-06",2024-12-15,"OP-012",96.7,99.31,85.67,7.16,0.259,92.21,"No","No","No","No","Pass","Released","No","No"
"BN-BRI-202412-0230","Oncology-BioTx_01","Brinny","2024-12-09",2024-12-16,"OP-017",48.3,99.46,88.54,7.12,0.252,86.95,"No","No","No","No","Pass","Released","No","No"
"BN-DUN-202412-0182","Biologics-DS-B","Dunboyne","2024-12-11",2024-12-26,"OP-006",95.3,97.17,85.84,7.01,0.271,83.36,"No","No","No","No","Pass","Released","No","No"
"BN-BAL-202412-0423","HepC-API","Ballydine","2024-12-12",2024-12-18,"OP-020",197.2,99.53,93.97,7.14,0.334,87.6,"No","No","No","No","Pass","Released","Yes","Yes"
"BN-BRI-202412-0154","Oncology-BioTx_01","Brinny","2024-12-15",2024-12-23,"OP-005",250.1,99.15,90.99,7.1,0.339,82.1,"No","No","No","No","Pass","Released","No","No"
"BN-BAL-202412-0586","Keytruda-API","Ballydine","2024-12-15",2024-12-27,"OP-018",204.6,99.17,84.94,7.2,0.336,84.69,"No","No","No","No","Pass","Released","No","No"
"BN-BAL-202412-0056","HepC-API","Ballydine","2024-12-16",2024-12-21,"OP-007",248.9,100.13,94.39,7.16,0.198,86.9,"No","No","No","No","Pass","Released","No","No"
"BN-DUN-202412-0276","Biologics-DS-A","Dunboyne","2024-12-16",2024-12-24,"OP-017",199.1,97,88.88,7.06,0.403,83.41,"No","No","No","No","Pass","Released","No","No"
"BN-BAL-202412-0308","Keytruda-API","Ballydine","2024-12-16",2024-12-26,"OP-006",204.1,99.51,82.75,7.15,0.388,88.9,"No","No","No","No","Pass","Released","No","No"
"BN-DUN-202412-0125","Biologics-DS-B","Dunboyne","2024-12-17",2025-01-01,"OP-001",195.3,98.41,90.33,7.13,0.209,84.39,"No","No","No","No","Pass","Released","No","No"
"BN-BAL-202412-0334","HepC-API","Ballydine","2024-12-17",2024-12-30,"OP-005",49.7,98.68,88.01,7.21,0.24,89.6,"No","No","No","No","Pass","Released","No","No"
"BN-BRI-202412-0339","Oncology-BioTx_01","Brinny","2024-12-18",2025-01-04,"OP-006",202.4,97.91,90.04,7.08,0.344,88.27,"No","No","No","No","Pass","Released","No","No"
"BN-BAL-202412-0253","Keytruda-API","Ballydine","2024-12-19",2024-12-31,"OP-017",253.3,98.46,86.44,7.02,0.251,80.4,"No","No","No","No","Pass","Released","No","No"
"BN-DUN-202412-0364","Biologics-DS-A","Dunboyne","2024-12-19",2025-01-02,"OP-008",99.9,97.67,84,7.43,0.197,86.15,"No","No","Yes","No","Fail","Under Review","Yes","Yes"
"BN-DUN-202412-0005","Biologics-DS-A","Dunboyne","2024-12-24",2025-01-04,"OP-010",249.8,97.35,86.39,7.28,0.274,85.84,"No","No","No","No","Pass","Released","No","No"
"BN-BAL-202412-0122","HepC-API","Ballydine","2024-12-24",2025-01-01,"OP-016",101.8,98.88,91.2,7.27,0.271,91.01,"No","No","No","No","Pass","Released","No","No"
"BN-CAR-202412-0420","Gardasil-Fill","Carlow","2024-12-25",2025-01-01,"OP-004",50.9,98.81,87.76,6.97,0.261,88.02,"No","No","No","No","Pass","Released","No","No"
"BN-DUN-202412-0131","Biologics-DS-A","Dunboyne","2024-12-26",2025-01-04,"OP-019",195.9,97.73,96.29,7.23,0.272,82.78,"No","No","No","No","Pass","Released","No","No"
"BN-BAL-202412-0584","Keytruda-API","Ballydine","2024-12-29",2025-01-05,"OP-002",48.9,98.71,90.17,7.1,0.236,84.54,"No","No","No","No","Pass","Released","No","No"
"BN-BRI-202501-0392","Oncology-BioTx_01","Brinny","2025-01-03",2025-01-19,"OP-013",205,98.18,86.57,7.02,0.332,87.07,"No","No","No","No","Pass","Released","No","No"
"BN-DUN-202501-0001","Biologics-DS-A","Dunboyne","2025-01-04",2025-01-10,"OP-003",50,97.93,85.69,7.06,0.311,88.26,"No","No","No","No","Pass","Released","No","No"
"BN-BRI-202501-0287","Oncology-BioTx_01","Brinny","2025-01-04",2025-01-16,"OP-016",201.1,98.27,84.59,7.02,0.281,87.22,"No","No","No","No","Pass","Released","No","No"
"BN-DUN-202501-0040","Biologics-DS-B","Dunboyne","2025-01-07",2025-01-20,"OP-004",199.7,97,79.61,7.13,0.266,84.6,"No","Yes","No","No","Fail","Rejected","Yes","Yes"
"BN-DUN-202501-0151","Biologics-DS-A","Dunboyne","2025-01-08",2025-01-16,"OP-001",101,98.77,88.81,7.2,0.18,86,"No","No","No","No","Pass","Released","No","No"
"BN-BRI-202501-0241","Oncology-BioTx_01","Brinny","2025-01-12",2025-01-28,"OP-007",201.3,98.46,89.64,6.79,0.282,85.83,"No","No","Yes","No","Fail","Under Review","Yes","Yes"
"BN-BAL-202501-0413","Keytruda-API","Ballydine","2025-01-14",2025-01-19,"OP-001",247.5,99.83,86.72,6.98,0.349,89.43,"No","No","No","No","Pass","Released","No","No"
"BN-DUN-202501-0267","Biologics-DS-B","Dunboyne","2025-01-15",2025-01-26,"OP-007",102.7,98.44,89.18,7.05,0.49,87.51,"No","No","No","No","Pass","Released","No","No"
"BN-BAL-202501-0471","Keytruda-API","Ballydine","2025-01-15",2025-01-28,"OP-009",198.6,98.42,87.62,7.02,0.24,84.79,"No","No","No","No","Pass","Released","No","No"
"BN-BRI-202501-0046","Oncology-BioTx_01","Brinny","2025-01-17",2025-01-29,"OP-007",54.1,98.91,86.24,7.05,0.165,86.69,"No","No","No","No","Pass","Released","No","No"
"BN-CAR-202501-0516","Gardasil-Fill","Carlow","2025-01-23",2025-02-05,"OP-002",246.3,97.9,83.32,7.18,0.285,90.94,"No","No","No","No","Pass","Released","No","No"
"BN-BAL-202501-0588","Keytruda-API","Ballydine","2025-01-23",2025-02-08,"OP-007",253.2,99.95,95.48,7.05,0.264,88.74,"No","No","No","No","Pass","Released","No","No"
"BN-BRI-202501-0111","Oncology-BioTx_01","Brinny","2025-01-24",2025-02-04,"OP-001",200.3,99.4,88.5,7.08,0.277,84.27,"No","No","No","No","Pass","Released","No","No"
"BN-BAL-202501-0450","HepC-API","Ballydine","2025-01-24",2025-01-30,"OP-002",200.6,99.29,87.24,7.05,0.293,84.93,"No","No","No","No","Pass","Released","No","No"
"BN-BAL-202501-0326","Keytruda-API","Ballydine","2025-01-25",2025-02-03,"OP-002",53,99.19,88.57,6.93,0.136,87.74,"No","No","No","No","Pass","Released","No","No"
"BN-CAR-202501-0479","Gardasil-Fill","Carlow","2025-01-27",2025-02-05,"OP-016",53.4,99.08,88.82,6.99,0.391,90.49,"No","No","No","No","Pass","Released","No","No"
"BN-DUN-202501-0553","Biologics-DS-B","Dunboyne","2025-01-28",2025-02-08,"OP-002",100,97.35,83.54,6.92,0.39,86.28,"No","No","No","No","Pass","Released","No","No"
"BN-BRI-202501-0166","Oncology-BioTx_01","Brinny","2025-01-30",2025-02-04,"OP-016",50.9,98.57,83.63,7.14,0.195,88.21,"No","No","No","No","Pass","Released","No","No"
"BN-DUN-202502-0345","Biologics-DS-A","Dunboyne","2025-02-04",2025-02-18,"OP-012",195.5,98.06,83.59,7.07,0.282,83.06,"No","No","No","No","Pass","Released","No","No"
"BN-DUN-202502-0314","Biologics-DS-B","Dunboyne","2025-02-05",2025-02-19,"OP-008",200.2,97.92,88.46,7.01,0.19,85.29,"No","No","No","No","Pass","Released","No","No"
"BN-CAR-202502-0389","Gardasil-Fill","Carlow","2025-02-06",2025-02-15,"OP-018",252.1,98.47,87.38,7.03,0.301,91.45,"No","No","No","No","Pass","Released","Yes","Yes"
"BN-BAL-202502-0541","HepC-API","Ballydine","2025-02-06",2025-02-11,"OP-014",103.9,98.68,91.7,7.28,0.232,92.17,"No","No","No","No","Pass","Released","No","No"
"BN-DUN-202502-0514","Biologics-DS-A","Dunboyne","2025-02-07",2025-02-15,"OP-018",196,97.92,86.7,6.92,0.333,84.13,"No","No","No","No","Pass","Released","No","No"
"BN-CAR-202502-0275","Gardasil-Fill","Carlow","2025-02-10",2025-02-20,"OP-003",201.2,99,86.14,7.17,0.343,92.97,"No","No","No","No","Pass","Released","No","No"
"BN-DUN-202502-0383","Biologics-DS-B","Dunboyne","2025-02-12",2025-02-19,"OP-007",197.9,97.84,85.49,6.92,0.254,86.52,"No","No","No","No","Pass","Released","No","No"
"BN-BAL-202502-0464","Keytruda-API","Ballydine","2025-02-14",2025-02-24,"OP-008",204.5,98.98,91.53,7.1,0.279,86.89,"No","No","No","No","Pass","Released","No","No"
"BN-DUN-202502-0115","Biologics-DS-A","Dunboyne","2025-02-16",2025-03-05,"OP-008",47.6,97.43,86.38,7.36,0.225,85.85,"No","No","No","No","Pass","Released","No","No"
"BN-BAL-202502-0086","Keytruda-API","Ballydine","2025-02-17",2025-02-28,"OP-019",51,98.16,90,7.17,0.262,85.35,"No","No","No","No","Pass","Released","No","No"
"BN-BAL-202502-0180","HepC-API","Ballydine","2025-02-18",2025-03-08,"OP-013",250.7,98.74,86.97,7.2,0.212,86.72,"No","No","No","No","Pass","Released","No","No"
"BN-BAL-202502-0350","Keytruda-API","Ballydine","2025-02-19",2025-03-04,"OP-008",248.3,98.67,90.39,7.01,0.199,87.37,"No","No","No","No","Pass","Released","No","No"
"BN-BAL-202502-0266","Keytruda-API","Ballydine","2025-02-21",2025-03-04,"OP-010",99.7,98.55,85.48,7.18,0.313,86.24,"No","No","No","No","Pass","Released","No","No"
"BN-BAL-202502-0027","HepC-API","Ballydine","2025-02-22",2025-03-02,"OP-002",252.3,99.36,87.7,6.93,0.347,82.99,"No","No","No","No","Pass","Released","No","No"
"BN-BAL-202502-0244","Keytruda-API","Ballydine","2025-02-22",2025-03-12,"OP-002",51.8,99.34,91.53,7.13,0.326,88.8,"No","No","No","No","Pass","Released","No","No"
"BN-BAL-202502-0387","Keytruda-API","Ballydine","2025-02-24",2025-03-10,"OP-005",96.9,99.81,88.63,7.26,0.287,85.03,"No","No","No","No","Pass","Released","No","No"
"BN-DUN-202502-0462","Biologics-DS-B","Dunboyne","2025-02-25",2025-03-02,"OP-019",46.3,97.78,90.05,7.19,0.261,83.3,"No","No","No","No","Pass","Released","No","No"
"BN-CAR-202502-0382","Gardasil-Fill","Carlow","2025-02-26",2025-03-08,"OP-018",100.2,98.5,92.13,7.1,0.179,96.17,"No","No","No","No","Pass","Released","No","No"
"BN-DUN-202502-0048","Biologics-DS-A","Dunboyne","2025-02-28",2025-03-05,"OP-012",48,97.25,87.45,7.1,0.316,84.17,"No","No","No","No","Pass","Released","No","No"
"BN-BAL-202502-0147","Keytruda-API","Ballydine","2025-02-28",2025-03-11,"OP-012",96.6,99.83,84.59,7.14,0.259,86.63,"No","No","No","No","Pass","Released","No","No"
"BN-DUN-202503-0580","Biologics-DS-A","Dunboyne","2025-03-03",2025-03-16,"OP-005",195.2,97,89.55,6.98,0.276,81.7,"No","No","No","No","Pass","Released","No","No"
"BN-BAL-202503-0020","HepC-API","Ballydine","2025-03-04",2025-03-11,"OP-017",204.7,99.75,86.63,7.06,0.223,89.35,"No","No","No","No","Pass","Released","Yes","Yes"
"BN-BAL-202503-0337","HepC-API","Ballydine","2025-03-04",2025-03-13,"OP-002",204.4,98.96,89.3,7.09,0.229,88.38,"No","No","No","No","Pass","Released","No","No"
"BN-DUN-202503-0311","Biologics-DS-B","Dunboyne","2025-03-06",2025-03-14,"OP-017",198.9,97.73,94.07,7.19,0.323,88.32,"No","No","No","No","Pass","Released","No","No"
"BN-DUN-202503-0117","Biologics-DS-B","Dunboyne","2025-03-07",2025-03-24,"OP-006",245.6,97.87,90.57,7.14,0.229,84.79,"No","No","No","No","Pass","Released","No","No"
"BN-DUN-202503-0379","Biologics-DS-B","Dunboyne","2025-03-07",2025-03-24,"OP-013",50.8,99.1,89.56,7.13,0.246,80.47,"No","No","No","No","Pass","Released","No","No"
"BN-DUN-202503-0386","Biologics-DS-B","Dunboyne","2025-03-07",2025-03-21,"OP-017",196,98.3,87.61,7.06,0.351,85.24,"No","No","No","No","Pass","Released","No","No"
"BN-BAL-202503-0044","Keytruda-API","Ballydine","2025-03-09",2025-03-26,"OP-001",99.7,99.3,91.57,7.25,0.405,89.01,"No","No","No","No","Pass","Released","No","No"
"BN-BAL-202503-0285","Keytruda-API","Ballydine","2025-03-09",2025-03-16,"OP-006",52.9,100.01,87.6,7.03,0.235,89.48,"No","No","No","No","Pass","Released","No","No"
"BN-BRI-202503-0268","Oncology-BioTx_01","Brinny","2025-03-10",2025-03-23,"OP-020",202.2,97.87,89.37,7.16,0.327,83.97,"No","No","No","No","Pass","Released","No","No"
"BN-DUN-202503-0476","Biologics-DS-A","Dunboyne","2025-03-10",2025-03-17,"OP-014",46.5,97.01,88.46,7.07,0.193,81.9,"No","No","No","No","Pass","Released","No","No"
"BN-BAL-202503-0050","HepC-API","Ballydine","2025-03-12",2025-03-20,"OP-006",245.1,98.89,88.28,6.99,0.197,89.55,"No","No","No","No","Pass","Released","No","No"
"BN-CAR-202503-0281","Gardasil-Fill","Carlow","2025-03-12",2025-03-22,"OP-016",47.9,98.85,84.8,7.15,0.333,89.26,"No","No","No","No","Pass","Released","No","No"
"BN-BAL-202503-0594","Keytruda-API","Ballydine","2025-03-13",2025-03-28,"OP-015",204.6,100.06,89.08,7.01,0.269,91.14,"No","No","No","No","Pass","Released","No","No"
"BN-CAR-202503-0073","Gardasil-Fill","Carlow","2025-03-16",2025-03-22,"OP-017",199.3,98.66,87.11,7,0.323,91.12,"No","No","No","No","Pass","Released","No","No"
"BN-CAR-202503-0165","Gardasil-Fill","Carlow","2025-03-16",2025-04-03,"OP-020",54.1,98.92,86.5,7.18,0.259,96,"No","No","No","No","Pass","Released","No","No"
"BN-BAL-202503-0322","Keytruda-API","Ballydine","2025-03-16",2025-03-28,"OP-004",103,98.57,85.12,7.09,0.331,88.88,"No","No","No","No","Pass","Released","No","No"
"BN-BRI-202503-0531","Oncology-BioTx_01","Brinny","2025-03-16",2025-03-27,"OP-013",251.9,99.26,90.53,7.19,0.182,87.74,"No","No","No","No","Pass","Released","No","No"
"BN-DUN-202503-0172","Biologics-DS-B","Dunboyne","2025-03-17",2025-03-31,"OP-018",97.1,98.08,89.21,7.06,0.274,90.45,"No","No","No","No","Pass","Released","No","No"
"BN-DUN-202503-0283","Biologics-DS-A","Dunboyne","2025-03-18",2025-04-04,"OP-011",102.9,98.23,86.44,7.12,0.161,83.88,"No","No","No","No","Pass","Released","Yes","Yes"
"BN-BAL-202503-0481","Keytruda-API","Ballydine","2025-03-19",2025-04-03,"OP-001",97.4,95.68,73.37,6.66,0.654,74.93,"Yes","Yes","Yes","Yes","Fail","Rejected","Yes","Yes"
"BN-BAL-202503-0252","Keytruda-API","Ballydine","2025-03-20",2025-03-29,"OP-013",195.7,101.22,73.66,6.74,0.539,74.52,"Yes","Yes","Yes","Yes","Fail","Under Review","Yes","Yes"
"BN-BRI-202503-0015","Oncology-BioTx_01","Brinny","2025-03-21",2025-04-02,"OP-014",45.7,98.57,85.68,7.07,0.147,88.72,"No","No","No","No","Pass","Released","No","No"
"BN-BAL-202503-0078","HepC-API","Ballydine","2025-03-23",2025-04-10,"OP-005",103.9,98.63,87.81,6.95,0.254,91.61,"No","No","No","No","Pass","Released","No","No"
"BN-BAL-202503-0459","Keytruda-API","Ballydine","2025-03-23",2025-04-01,"OP-002",249.5,98.94,89.09,6.86,0.242,87.17,"No","No","No","No","Pass","Released","No","No"
"BN-BAL-202503-0564","HepC-API","Ballydine","2025-03-23",2025-03-31,"OP-009",45.8,99.2,84.88,7.23,0.288,88.36,"No","No","No","No","Pass","Released","No","No"
"BN-BRI-202503-0023","Oncology-BioTx_01","Brinny","2025-03-27",2025-04-06,"OP-003",247,98.09,93.42,7.1,0.33,93.02,"No","No","No","No","Pass","Released","No","No"
"BN-DUN-202503-0485","Biologics-DS-A","Dunboyne","2025-03-27",2025-04-08,"OP-003",47.6,98.1,85.36,7.07,0.315,83.47,"No","No","No","No","Pass","Released","No","No"
"BN-BAL-202503-0583","Keytruda-API","Ballydine","2025-03-27",2025-04-10,"OP-005",246,98.98,85.24,7.12,0.229,84.82,"No","No","No","No","Pass","Released","No","No"
"BN-BAL-202503-0144","Keytruda-API","Ballydine","2025-03-29",2025-04-12,"OP-003",95.4,97.4,87.92,7.11,0.258,86.65,"No","No","No","No","Pass","Released","No","No"
"BN-BAL-202503-0385","HepC-API","Ballydine","2025-03-29",2025-04-10,"OP-002",202.6,99.08,88.22,7.12,0.277,89.34,"No","No","No","No","Pass","Released","No","No"
"BN-DUN-202503-0346","Biologics-DS-B","Dunboyne","2025-03-30",2025-04-06,"OP-020",196.8,98.68,88.98,7.14,0.421,91.17,"No","No","No","No","Pass","Released","No","No"
"BN-BAL-202504-0501","HepC-API","Ballydine","2025-04-01",2025-04-16,"OP-006",47.1,98.25,86.03,7.3,0.305,86.59,"No","No","No","No","Pass","Released","No","No"
"BN-BAL-202504-0355","HepC-API","Ballydine","2025-04-02",2025-04-13,"OP-002",51.2,99.81,84.08,7.04,0.407,86.93,"No","No","No","No","Pass","Released","No","No"
"BN-DUN-202504-0411","Biologics-DS-A","Dunboyne","2025-04-02",2025-04-16,"OP-020",197.8,97.32,93.78,7.15,0.395,87.65,"No","No","No","No","Pass","Released","No","No"
"BN-DUN-202504-0018","Biologics-DS-B","Dunboyne","2025-04-04",2025-04-15,"OP-005",251.7,98.6,93.59,7.02,0.315,88.15,"No","No","No","No","Pass","Released","No","No"
"BN-BAL-202504-0349","HepC-API","Ballydine","2025-04-04",2025-04-22,"OP-003",97.1,98.99,90.05,7.04,0.249,88.54,"No","No","No","No","Pass","Released","No","No"
"BN-BRI-202504-0297","Oncology-BioTx_01","Brinny","2025-04-07",2025-04-15,"OP-003",197.6,99.32,85.41,7.17,0.335,85.66,"No","No","No","No","Pass","Released","No","No"
"BN-CAR-202504-0405","Gardasil-Fill","Carlow","2025-04-07",2025-04-21,"OP-007",51.1,97.71,85.24,7.19,0.329,93.17,"No","No","No","No","Pass","Released","No","No"
"BN-BAL-202504-0461","Keytruda-API","Ballydine","2025-04-07",2025-04-18,"OP-014",201.2,99.25,91.34,7.06,0.134,88.87,"No","No","No","No","Pass","Released","No","No"
"BN-BAL-202504-0013","Keytruda-API","Ballydine","2025-04-09",2025-04-26,"OP-015",98,98.93,89.23,7.06,0.347,89.59,"No","No","No","No","Pass","Released","No","No"
"BN-DUN-202504-0185","Biologics-DS-A","Dunboyne","2025-04-09",2025-04-15,"OP-006",246.9,97.82,88.37,6.97,0.126,86.12,"No","No","No","No","Pass","Released","No","No"
"BN-DUN-202504-0537","Biologics-DS-B","Dunboyne","2025-04-11",2025-04-17,"OP-018",198.9,98.52,84.89,7.11,0.239,83.48,"No","No","No","No","Pass","Released","No","No"
"BN-DUN-202504-0123","Biologics-DS-B","Dunboyne","2025-04-12",2025-04-21,"OP-005",101.6,97.71,84.73,7.5,0.31,84.64,"No","No","Yes","No","Fail","Rejected","Yes","Yes"
"BN-DUN-202504-0221","Biologics-DS-B","Dunboyne","2025-04-15",2025-04-23,"OP-009",195.5,97.44,89.67,6.93,0.222,88.04,"No","No","No","No","Pass","Released","No","No"
"BN-CAR-202504-0376","Gardasil-Fill","Carlow","2025-04-16",2025-05-02,"OP-018",53.1,98.25,91.39,7.21,0.335,94.25,"No","No","No","No","Pass","Released","No","No"
"BN-CAR-202504-0393","Gardasil-Fill","Carlow","2025-04-17",2025-04-27,"OP-017",100.6,98.51,83.75,7.13,0.173,89.81,"No","No","No","No","Pass","Released","No","No"
"BN-DUN-202504-0031","Biologics-DS-A","Dunboyne","2025-04-19",2025-05-01,"OP-004",103.7,98.26,89.36,6.94,0.14,88.25,"No","No","No","No","Pass","Released","Yes","Yes"
"BN-BRI-202504-0067","Oncology-BioTx_01","Brinny","2025-04-19",2025-05-05,"OP-016",49.4,99.07,86.39,7.11,0.291,85.34,"No","No","No","No","Pass","Released","No","No"
"BN-BAL-202504-0213","Keytruda-API","Ballydine","2025-04-20",2025-05-08,"OP-020",102.3,98.25,88.33,7.28,0.334,89.19,"No","No","No","No","Pass","Released","No","No"
"BN-CAR-202504-0375","Gardasil-Fill","Carlow","2025-04-20",2025-04-29,"OP-005",254.8,97.57,83,7.33,0.359,98.02,"No","No","No","No","Pass","Released","No","No"
"BN-DUN-202504-0427","Biologics-DS-B","Dunboyne","2025-04-20",2025-05-04,"OP-020",252.5,97.83,88.93,7.35,0.239,83.84,"No","No","No","No","Pass","Released","Yes","Yes"
"BN-BAL-202504-0472","Keytruda-API","Ballydine","2025-04-20",2025-05-06,"OP-001",50.8,98.36,92.07,7.21,0.149,88.96,"No","No","No","No","Pass","Released","Yes","Yes"
"BN-BAL-202504-0496","HepC-API","Ballydine","2025-04-21",2025-05-02,"OP-009",247.8,99.83,92.95,6.84,0.418,88.54,"No","No","No","No","Pass","Released","No","No"
"BN-BAL-202504-0188","HepC-API","Ballydine","2025-04-22",2025-04-29,"OP-009",103.6,99.21,89.39,6.98,0.223,88.86,"No","No","No","No","Pass","Released","No","No"
"BN-BAL-202504-0307","HepC-API","Ballydine","2025-04-22",2025-04-27,"OP-005",98.6,99.73,83.88,7.04,0.239,94.35,"No","No","No","No","Pass","Released","No","No"
"BN-DUN-202504-0445","Biologics-DS-A","Dunboyne","2025-04-23",2025-04-30,"OP-010",196.3,97.51,84.06,7.23,0.21,84.46,"No","No","No","No","Pass","Released","No","No"
"BN-BRI-202504-0566","Oncology-BioTx_01","Brinny","2025-04-24",2025-05-04,"OP-006",249,98.93,87.34,7.19,0.262,86.53,"No","No","No","No","Pass","Released","No","No"
"BN-BAL-202504-0008","Keytruda-API","Ballydine","2025-04-25",2025-05-02,"OP-019",49.5,100.78,90.08,7.26,0.3,86.17,"No","No","No","No","Pass","Released","No","No"
"BN-CAR-202504-0196","Gardasil-Fill","Carlow","2025-04-26",2025-05-10,"OP-013",198,99.76,84.01,7.08,0.303,89.37,"No","No","No","No","Pass","Released","No","No"
"BN-CAR-202504-0543","Gardasil-Fill","Carlow","2025-04-26",2025-05-02,"OP-006",250.3,98.59,87.6,7.07,0.325,88.56,"No","No","No","No","Pass","Released","No","No"
"BN-BRI-202504-0329","Oncology-BioTx_01","Brinny","2025-04-28",2025-05-06,"OP-006",51.5,98.73,87.31,7.08,0.236,91.19,"No","No","No","No","Pass","Released","No","No"
"BN-BAL-202504-0540","Keytruda-API","Ballydine","2025-04-28",2025-05-03,"OP-007",104.3,98.93,86.99,7.17,0.293,85.29,"No","No","No","No","Pass","Released","No","No"
"BN-BRI-202504-0002","Oncology-BioTx_01","Brinny","2025-04-29",2025-05-08,"OP-012",252,98.95,82.13,7.01,0.207,85,"No","No","No","No","Pass","Released","No","No"
"BN-DUN-202504-0108","Biologics-DS-B","Dunboyne","2025-04-29",2025-05-12,"OP-002",251.7,97.76,92.8,7.12,0.217,87.66,"No","No","No","No","Pass","Released","No","No"
"BN-CAR-202504-0229","Gardasil-Fill","Carlow","2025-04-30",2025-05-13,"OP-018",245.4,98.8,90.57,7.35,0.281,90.99,"No","No","No","No","Pass","Released","No","No"
"BN-DUN-202505-0506","Biologics-DS-A","Dunboyne","2025-05-01",2025-05-09,"OP-009",197.4,97,87.4,7.16,0.412,83.64,"No","No","No","No","Pass","Released","No","No"
"BN-DUN-202505-0181","Biologics-DS-B","Dunboyne","2025-05-03",2025-05-08,"OP-008",98.7,99.15,83.16,7.05,0.187,83.87,"No","No","No","No","Pass","Released","No","No"
"BN-DUN-202505-0160","Biologics-DS-B","Dunboyne","2025-05-05",2025-05-16,"OP-015",250.5,97.43,89.67,6.87,0.273,84.7,"No","No","No","No","Pass","Released","No","No"
"BN-DUN-202505-0304","Biologics-DS-A","Dunboyne","2025-05-06",2025-05-16,"OP-007",50.1,97,89.16,7.13,0.198,85.57,"No","No","No","No","Pass","Released","No","No"
"BN-CAR-202505-0207","Gardasil-Fill","Carlow","2025-05-07",2025-05-18,"OP-010",46.2,98.85,85.1,6.84,0.434,92.64,"No","No","No","No","Pass","Released","Yes","Yes"
"BN-CAR-202505-0507","Gardasil-Fill","Carlow","2025-05-07",2025-05-24,"OP-019",103.2,97.93,83.51,7.23,0.238,93.22,"No","No","No","No","Pass","Released","Yes","Yes"
"BN-DUN-202505-0209","Biologics-DS-B","Dunboyne","2025-05-08",2025-05-13,"OP-001",202.6,97.77,86.4,6.93,0.293,87.7,"No","No","No","No","Pass","Released","No","No"
"BN-DUN-202505-0518","Biologics-DS-A","Dunboyne","2025-05-08",2025-05-22,"OP-018",200.9,98.01,89.5,6.75,0.185,80.2,"No","No","Yes","No","Fail","Under Review","Yes","Yes"
"BN-CAR-202505-0536","Gardasil-Fill","Carlow","2025-05-08",2025-05-17,"OP-015",204.9,98.76,86.1,6.93,0.262,90.56,"No","No","No","No","Pass","Released","No","No"
"BN-DUN-202505-0009","Biologics-DS-B","Dunboyne","2025-05-09",2025-05-23,"OP-017",247.1,97.32,89.26,7.23,0.14,87.91,"No","No","No","No","Pass","Released","No","No"
"BN-DUN-202505-0508","Biologics-DS-A","Dunboyne","2025-05-09",2025-05-15,"OP-020",95.3,98.12,90.02,7.33,0.375,81.51,"No","No","No","No","Pass","Released","No","No"
"BN-CAR-202505-0090","Gardasil-Fill","Carlow","2025-05-12",2025-05-27,"OP-002",251.9,102.02,75.48,6.76,0.35,77.35,"Yes","Yes","Yes","No","Fail","Rejected","Yes","Yes"
"BN-BRI-202505-0465","Oncology-BioTx_01","Brinny","2025-05-12",2025-05-28,"OP-018",254.9,99.31,83.45,7.11,0.29,87.12,"No","No","No","No","Pass","Released","No","No"
"BN-BRI-202505-0439","Oncology-BioTx_01","Brinny","2025-05-13",2025-05-26,"OP-005",46.1,98.08,85.35,7,0.329,83.66,"No","No","No","No","Pass","Released","No","No"
"BN-CAR-202505-0538","Gardasil-Fill","Carlow","2025-05-13",2025-05-23,"OP-019",196.2,97.8,90.59,7.07,0.261,93.72,"No","No","No","No","Pass","Released","No","No"
"BN-BAL-202505-0321","HepC-API","Ballydine","2025-05-14",2025-05-29,"OP-003",95.1,99.58,88.51,7.03,0.169,84.88,"No","No","No","No","Pass","Released","No","No"
"BN-DUN-202505-0585","Biologics-DS-A","Dunboyne","2025-05-15",2025-05-27,"OP-016",247.3,98.26,87.59,6.94,0.416,84.46,"No","No","No","No","Pass","Released","No","No"
"BN-BAL-202505-0599","Keytruda-API","Ballydine","2025-05-17",2025-05-31,"OP-015",203.5,99.12,84.63,7.04,0.184,87.42,"No","No","No","No","Pass","Released","No","No"
"BN-BAL-202505-0035","HepC-API","Ballydine","2025-05-18",2025-06-05,"OP-008",252.6,98.79,89.46,7.18,0.224,87.4,"No","No","No","No","Pass","Released","No","No"
"BN-BAL-202505-0258","Keytruda-API","Ballydine","2025-05-18",2025-05-24,"OP-008",201.8,99.71,97.55,7.04,0.309,89.97,"No","No","No","No","Pass","Released","No","No"
"BN-DUN-202505-0416","Biologics-DS-A","Dunboyne","2025-05-18",2025-05-26,"OP-020",252.6,97.01,89.15,7.21,0.268,83.03,"No","No","No","No","Pass","Released","No","No"
"BN-DUN-202505-0600","Biologics-DS-A","Dunboyne","2025-05-18",2025-05-26,"OP-015",52.3,98.28,96.69,6.85,0.385,86.01,"No","No","No","No","Pass","Released","No","No"
"BN-DUN-202505-0047","Biologics-DS-B","Dunboyne","2025-05-19",2025-05-31,"OP-011",198.9,97,91.81,7.17,0.295,88.3,"No","No","No","No","Pass","Released","No","No"
"BN-CAR-202505-0521","Gardasil-Fill","Carlow","2025-05-19",2025-05-27,"OP-009",46.4,97.86,87.35,7.2,0.353,91.96,"No","No","No","No","Pass","Released","No","No"
"BN-BAL-202505-0554","HepC-API","Ballydine","2025-05-20",2025-05-30,"OP-010",103.5,100.51,88.37,7.01,0.105,88.1,"No","No","No","No","Pass","Released","Yes","Yes"
"BN-BRI-202505-0563","Oncology-BioTx_01","Brinny","2025-05-20",2025-06-06,"OP-008",100.1,99.3,92.77,7.17,0.256,89.27,"No","No","No","No","Pass","Released","No","No"
"BN-BRI-202505-0025","Oncology-BioTx_01","Brinny","2025-05-22",2025-05-31,"OP-003",53.4,99.08,90.96,7.25,0.318,88.35,"No","No","No","No","Pass","Released","No","No"
"BN-DUN-202505-0451","Biologics-DS-A","Dunboyne","2025-05-22",2025-06-06,"OP-002",103.3,97.65,83.45,6.91,0.322,83.97,"No","No","No","No","Pass","Released","No","No"
"BN-BAL-202505-0158","Keytruda-API","Ballydine","2025-05-24",2025-06-06,"OP-001",201,98.47,90.11,7.13,0.372,87.5,"No","No","No","No","Pass","Released","No","No"
"BN-DUN-202505-0437","Biologics-DS-B","Dunboyne","2025-05-24",2025-06-11,"OP-012",104.1,98.15,83.31,7.03,0.158,87.18,"No","No","No","No","Pass","Released","Yes","Yes"
"BN-BAL-202505-0007","Keytruda-API","Ballydine","2025-05-26",2025-06-01,"OP-017",249.3,99.79,90,6.95,0.193,85.69,"No","No","No","No","Pass","Released","No","No"
"BN-BRI-202505-0071","Oncology-BioTx_01","Brinny","2025-05-26",2025-06-01,"OP-019",197.3,94.94,73.37,7.1,0.659,73.56,"Yes","Yes","No","Yes","Fail","Under Review","Yes","Yes"
"BN-CAR-202505-0474","Gardasil-Fill","Carlow","2025-05-27",2025-06-02,"OP-016",47.6,98.08,88.62,6.95,0.285,90.49,"No","No","No","No","Pass","Released","No","No"
"BN-DUN-202505-0522","Biologics-DS-A","Dunboyne","2025-05-27",2025-06-08,"OP-009",98,98.01,84.88,7.01,0.244,83.98,"No","No","No","No","Pass","Released","No","No"
"BN-BRI-202505-0557","Oncology-BioTx_01","Brinny","2025-05-29",2025-06-03,"OP-005",99.1,99.74,98.45,7.25,0.271,84.04,"No","No","No","No","Pass","Released","No","No"
"BN-BRI-202505-0575","Oncology-BioTx_01","Brinny","2025-05-29",2025-06-03,"OP-012",202,99.36,88.48,7.19,0.434,93.64,"No","No","No","No","Pass","Released","No","No"
"BN-DUN-202506-0169","Biologics-DS-B","Dunboyne","2025-06-01",2025-06-09,"OP-002",49.3,98.23,90.42,7.39,0.182,86.64,"No","No","No","No","Pass","Released","No","No"
"BN-DUN-202506-0037","Biologics-DS-B","Dunboyne","2025-06-02",2025-06-15,"OP-013",100.4,97.94,80.15,7.12,0.143,84.52,"No","No","No","No","Pass","Released","No","No"
"BN-BRI-202506-0359","Oncology-BioTx_01","Brinny","2025-06-02",2025-06-09,"OP-018",98.9,99.57,90.96,7.08,0.262,85.82,"No","No","No","No","Pass","Released","No","No"
"BN-BAL-202506-0478","HepC-API","Ballydine","2025-06-02",2025-06-07,"OP-006",198.7,99.21,86.69,6.94,0.282,92.38,"No","No","No","No","Pass","Released","No","No"
"BN-CAR-202506-0581","Gardasil-Fill","Carlow","2025-06-02",2025-06-17,"OP-013",198.8,95.21,77.66,6.35,0.196,78.41,"Yes","Yes","Yes","No","Fail","Rejected","Yes","Yes"
"BN-BAL-202506-0088","Keytruda-API","Ballydine","2025-06-03",2025-06-09,"OP-013",101.8,99.32,92.03,7.04,0.21,88.83,"No","No","No","No","Pass","Released","No","No"
"BN-DUN-202506-0163","Biologics-DS-A","Dunboyne","2025-06-04",2025-06-20,"OP-004",100.4,102.69,72.1,6.5,0.519,75.62,"Yes","Yes","Yes","Yes","Fail","Under Review","Yes","Yes"
"BN-CAR-202506-0254","Gardasil-Fill","Carlow","2025-06-04",2025-06-13,"OP-001",46.8,97.6,82.44,7.15,0.199,91.47,"No","No","No","No","Pass","Released","No","No"
"BN-BAL-202506-0550","HepC-API","Ballydine","2025-06-04",2025-06-14,"OP-005",46.4,98.54,92.17,7.01,0.322,92.84,"No","No","No","No","Pass","Released","No","No"
"BN-CAR-202506-0080","Gardasil-Fill","Carlow","2025-06-05",2025-06-14,"OP-016",53.2,98.96,90.34,7.06,0.283,91.15,"No","No","No","No","Pass","Released","No","No"
"BN-CAR-202506-0390","Gardasil-Fill","Carlow","2025-06-05",2025-06-17,"OP-017",245.8,98.48,86.76,7.05,0.311,88.7,"No","No","No","No","Pass","Released","No","No"
"BN-DUN-202506-0473","Biologics-DS-B","Dunboyne","2025-06-08",2025-06-25,"OP-010",99.4,102.26,71.24,7.04,0.604,74.2,"Yes","Yes","No","Yes","Fail","Rejected","Yes","Yes"
"BN-BAL-202506-0021","HepC-API","Ballydine","2025-06-10",2025-06-20,"OP-014",248.4,99.52,83.93,7.14,0.31,92.07,"No","No","No","No","Pass","Released","No","No"
"BN-DUN-202506-0490","Biologics-DS-A","Dunboyne","2025-06-10",2025-06-17,"OP-001",97.3,97.47,92.53,7.1,0.278,87.6,"No","No","No","No","Pass","Released","No","No"
"BN-BAL-202506-0544","Keytruda-API","Ballydine","2025-06-11",2025-06-25,"OP-005",101.3,97.78,90.36,7.22,0.318,82.52,"No","No","No","No","Pass","Released","No","No"
"BN-BRI-202506-0054","Oncology-BioTx_01","Brinny","2025-06-12",2025-06-29,"OP-009",197.2,98.25,94.08,7.13,0.245,90.39,"No","No","No","No","Pass","Released","No","No"
"BN-BAL-202506-0210","HepC-API","Ballydine","2025-06-12",2025-06-29,"OP-012",100.5,99.37,91.34,7.18,0.271,94.31,"No","No","No","No","Pass","Released","Yes","Yes"
"BN-BAL-202506-0141","HepC-API","Ballydine","2025-06-13",2025-06-20,"OP-009",101.3,99.44,86.69,7.13,0.305,90.51,"No","No","No","No","Pass","Released","No","No"
"BN-BAL-202506-0578","Keytruda-API","Ballydine","2025-06-13",2025-06-19,"OP-013",253.8,98.24,85.9,7.03,0.264,84.85,"No","No","No","No","Pass","Released","No","No"
"BN-DUN-202506-0004","Biologics-DS-B","Dunboyne","2025-06-14",2025-06-24,"OP-014",200.7,97.71,94.49,7.1,0.221,92.13,"No","No","No","No","Pass","Released","No","No"
"BN-CAR-202506-0357","Gardasil-Fill","Carlow","2025-06-19",2025-06-24,"OP-005",253.3,99.26,88.8,7.1,0.283,89.37,"No","No","No","No","Pass","Released","No","No"
"BN-DUN-202506-0412","Biologics-DS-B","Dunboyne","2025-06-19",2025-06-26,"OP-018",96.3,97.28,89.41,7.17,0.256,86.44,"No","No","No","No","Pass","Released","No","No"
"BN-BAL-202506-0441","Keytruda-API","Ballydine","2025-06-20",2025-07-08,"OP-014",200,99.93,91.02,7.27,0.263,87.94,"No","No","No","No","Pass","Released","No","No"
"BN-BAL-202506-0502","Keytruda-API","Ballydine","2025-06-20",2025-07-03,"OP-012",54.1,98.59,89.15,7.28,0.265,84.51,"No","No","No","No","Pass","Released","No","No"
"BN-BAL-202506-0573","Keytruda-API","Ballydine","2025-06-21",2025-06-26,"OP-009",251,99.35,90.99,7.04,0.196,87.68,"No","No","No","No","Pass","Released","No","No"
"BN-CAR-202506-0059","Gardasil-Fill","Carlow","2025-06-22",2025-07-04,"OP-004",50.7,97.96,82.94,7.08,0.298,88.45,"No","No","No","No","Pass","Released","No","No"
"BN-DUN-202506-0354","Biologics-DS-A","Dunboyne","2025-06-22",2025-07-01,"OP-018",248.6,97,87.52,7.13,0.215,91.05,"No","No","No","No","Pass","Released","No","No"
"BN-DUN-202506-0218","Biologics-DS-B","Dunboyne","2025-06-23",2025-07-01,"OP-001",200.2,98.21,95.31,7.07,0.279,89.9,"No","No","No","No","Pass","Released","No","No"
"BN-BRI-202506-0137","Oncology-BioTx_01","Brinny","2025-06-24",2025-07-07,"OP-013",101.2,99.1,83,7.08,0.112,89.67,"No","No","No","No","Pass","Released","No","No"
"BN-BRI-202506-0140","Oncology-BioTx_01","Brinny","2025-06-25",2025-07-01,"OP-016",48.8,98.8,96.46,7.21,0.363,89.19,"No","No","No","No","Pass","Released","No","No"
"BN-DUN-202506-0523","Biologics-DS-A","Dunboyne","2025-06-25",2025-07-07,"OP-002",96,97.17,93.12,7.3,0.188,84.58,"No","No","No","No","Pass","Released","No","No"
"BN-BAL-202506-0034","Keytruda-API","Ballydine","2025-06-26",2025-07-12,"OP-017",102.3,98.16,89.48,7.06,0.138,88.04,"No","No","No","No","Pass","Released","No","No"
"BN-DUN-202506-0256","Biologics-DS-B","Dunboyne","2025-06-26",2025-07-06,"OP-008",47.9,99.13,90.2,6.92,0.182,85.41,"No","No","No","No","Pass","Released","No","No"
"BN-BRI-202506-0559","Oncology-BioTx_01","Brinny","2025-06-26",2025-07-04,"OP-004",45.6,98.71,89.28,7.13,0.319,87.13,"No","No","No","No","Pass","Released","No","No"
"BN-DUN-202506-0417","Biologics-DS-B","Dunboyne","2025-06-28",2025-07-06,"OP-005",103.1,97.17,89.48,7.13,0.239,83.68,"No","No","No","No","Pass","Released","No","No"
"BN-BRI-202506-0371","Oncology-BioTx_01","Brinny","2025-06-29",2025-07-12,"OP-003",95.7,99.61,93.49,7.07,0.353,83.75,"No","No","No","No","Pass","Released","No","No"
"BN-DUN-202507-0062","Biologics-DS-A","Dunboyne","2025-07-01",2025-07-13,"OP-020",102.2,97.51,88.05,7.2,0.165,86.9,"No","No","No","No","Pass","Released","No","No"
"BN-BAL-202507-0245","Keytruda-API","Ballydine","2025-07-02",2025-07-08,"OP-007",95.2,98.66,92.84,7.2,0.199,87.99,"No","No","No","No","Pass","Released","No","No"
"BN-BRI-202507-0403","Oncology-BioTx_01","Brinny","2025-07-02",2025-07-07,"OP-015",102,98.3,91.2,7.26,0.213,87.44,"No","No","No","No","Pass","Released","No","No"
"BN-BAL-202507-0579","HepC-API","Ballydine","2025-07-02",2025-07-14,"OP-011",99.6,98.54,95.03,7.07,0.318,90.01,"No","No","No","No","Pass","Released","No","No"
"BN-BAL-202507-0428","Keytruda-API","Ballydine","2025-07-04",2025-07-22,"OP-011",197.6,99.08,88.43,7.08,0.236,88.18,"No","No","No","No","Pass","Released","No","No"
"BN-BAL-202507-0099","Keytruda-API","Ballydine","2025-07-05",2025-07-12,"OP-014",51.2,98.86,90.78,7.1,0.338,82.41,"No","No","No","No","Pass","Released","No","No"
"BN-CAR-202507-0201","Gardasil-Fill","Carlow","2025-07-05",2025-07-21,"OP-017",248.3,99.49,91.06,7.07,0.106,86.5,"No","No","No","No","Pass","Released","No","No"
"BN-BAL-202507-0106","Keytruda-API","Ballydine","2025-07-08",2025-07-14,"OP-010",100.7,99.85,83.22,7.22,0.4,91.61,"No","No","No","No","Pass","Released","No","No"
"BN-BAL-202507-0124","HepC-API","Ballydine","2025-07-08",2025-07-20,"OP-003",197.5,98.95,90.38,7.02,0.209,90.68,"No","No","No","No","Pass","Released","No","No"
"BN-CAR-202507-0301","Gardasil-Fill","Carlow","2025-07-09",2025-07-22,"OP-015",250.2,97.93,89.44,7.25,0.273,92.56,"No","No","No","No","Pass","Released","No","No"
"BN-DUN-202507-0265","Biologics-DS-B","Dunboyne","2025-07-10",2025-07-24,"OP-007",204.8,98.28,81.89,7.16,0.219,89.55,"No","No","No","No","Pass","Released","No","No"
"BN-BAL-202507-0039","Keytruda-API","Ballydine","2025-07-11",2025-07-24,"OP-018",54.1,98.88,86.29,7.32,0.279,86.23,"No","No","No","No","Pass","Released","No","No"
"BN-CAR-202507-0103","Gardasil-Fill","Carlow","2025-07-11",2025-07-23,"OP-006",53.9,98.51,84.42,7.33,0.271,90.97,"No","No","No","No","Pass","Released","No","No"
"BN-BRI-202507-0225","Oncology-BioTx_01","Brinny","2025-07-13",2025-07-30,"OP-008",251.6,99.07,89.81,7.03,0.363,88.25,"No","No","No","No","Pass","Released","No","No"
"BN-DUN-202507-0455","Biologics-DS-A","Dunboyne","2025-07-17",2025-07-29,"OP-017",47.2,98.51,87.15,7.32,0.375,89.1,"No","No","No","No","Pass","Released","No","No"
"BN-BRI-202507-0430","Oncology-BioTx_01","Brinny","2025-07-18",2025-07-30,"OP-001",196.5,99.28,89.79,6.88,0.331,88.36,"No","No","No","No","Pass","Released","No","No"
"BN-DUN-202507-0571","Biologics-DS-A","Dunboyne","2025-07-19",2025-07-27,"OP-020",245.4,98.46,91.35,6.95,0.354,85.09,"No","No","No","No","Pass","Released","No","No"
"BN-BAL-202507-0150","HepC-API","Ballydine","2025-07-22",2025-08-04,"OP-008",199.8,98.89,88.03,7.11,0.252,85.58,"No","No","No","No","Pass","Released","Yes","Yes"
"BN-DUN-202507-0495","Biologics-DS-A","Dunboyne","2025-07-23",2025-08-05,"OP-009",250,97.59,95.58,7.08,0.305,86.03,"No","No","No","No","Pass","Released","No","No"
"BN-DUN-202507-0262","Biologics-DS-B","Dunboyne","2025-07-25",2025-08-12,"OP-010",201.2,98.04,85.72,7.16,0.279,83.27,"No","No","No","No","Pass","Released","No","No"
"BN-BRI-202507-0468","Oncology-BioTx_01","Brinny","2025-07-25",2025-08-08,"OP-011",53.7,99.02,86.61,7.04,0.25,92.45,"No","No","No","No","Pass","Released","No","No"
"BN-BRI-202507-0128","Oncology-BioTx_01","Brinny","2025-07-26",2025-08-10,"OP-010",103.9,98.94,84.99,7.14,0.323,87.58,"No","No","No","No","Pass","Released","No","No"
"BN-BRI-202507-0133","Oncology-BioTx_01","Brinny","2025-07-30",2025-08-17,"OP-009",99.2,99.23,89.82,7.09,0.272,87.13,"No","No","No","No","Pass","Released","No","No"
"BN-BRI-202507-0273","Oncology-BioTx_01","Brinny","2025-07-31",2025-08-14,"OP-012",247.9,99.16,92.75,7.11,0.245,87.85,"No","No","No","No","Pass","Released","No","No"
"BN-CAR-202508-0425","Gardasil-Fill","Carlow","2025-08-03",2025-08-12,"OP-014",100.2,98.78,88.14,7.07,0.402,89.49,"No","No","No","No","Pass","Released","Yes","Yes"
"BN-BRI-202508-0043","Oncology-BioTx_01","Brinny","2025-08-04",2025-08-20,"OP-018",205,99.15,87.4,7.08,0.289,84.23,"No","No","No","No","Pass","Released","No","No"
"BN-BAL-202508-0187","Keytruda-API","Ballydine","2025-08-05",2025-08-15,"OP-020",97.6,99.73,88.38,6.96,0.266,88.61,"No","No","No","No","Pass","Released","Yes","Yes"
"BN-BAL-202508-0010","Keytruda-API","Ballydine","2025-08-06",2025-08-18,"OP-020",253.5,98.57,91.46,7.17,0.261,92.02,"No","No","No","No","Pass","Released","No","No"
"BN-CAR-202508-0041","Gardasil-Fill","Carlow","2025-08-07",2025-08-20,"OP-020",245.6,98.16,85.35,7.18,0.277,89.94,"No","No","No","No","Pass","Released","No","No"
"BN-BAL-202508-0235","HepC-API","Ballydine","2025-08-07",2025-08-13,"OP-003",246.3,99.68,85.88,7.2,0.266,84.56,"No","No","No","No","Pass","Released","No","No"
"BN-BRI-202508-0395","Oncology-BioTx_01","Brinny","2025-08-07",2025-08-12,"OP-007",197.3,99.87,93.92,7.03,0.193,88.57,"No","No","No","No","Pass","Released","Yes","Yes"
"BN-DUN-202508-0555","Biologics-DS-B","Dunboyne","2025-08-08",2025-08-23,"OP-017",200.9,97.91,92.45,7.12,0.18,86.1,"No","No","No","No","Pass","Released","No","No"
"BN-BRI-202508-0171","Oncology-BioTx_01","Brinny","2025-08-09",2025-08-26,"OP-011",247.2,99.79,90.8,7.1,0.251,81.03,"No","No","No","No","Pass","Released","No","No"
"BN-BRI-202508-0164","Oncology-BioTx_01","Brinny","2025-08-11",2025-08-22,"OP-003",53.8,99.49,77.88,7.08,0.28,87.87,"No","Yes","No","No","Fail","Rejected","Yes","Yes"
"BN-CAR-202508-0373","Gardasil-Fill","Carlow","2025-08-12",2025-08-25,"OP-020",97.8,99.23,91.61,7.16,0.287,94.53,"No","No","No","No","Pass","Released","No","No"
"BN-CAR-202508-0191","Gardasil-Fill","Carlow","2025-08-14",2025-08-30,"OP-014",199.7,98.34,84.99,7.28,0.199,88.8,"No","No","No","No","Pass","Released","No","No"
"BN-BRI-202508-0577","Oncology-BioTx_01","Brinny","2025-08-14",2025-08-27,"OP-008",48.2,98.44,89.6,7.1,0.229,86.85,"No","No","No","No","Pass","Released","No","No"
"BN-DUN-202508-0409","Biologics-DS-A","Dunboyne","2025-08-15",2025-08-29,"OP-011",195.4,97.56,91.07,7.21,0.234,83.9,"No","No","No","No","Pass","Released","No","No"
"BN-DUN-202508-0293","Biologics-DS-B","Dunboyne","2025-08-16",2025-08-22,"OP-018",54.3,97.8,87.08,7.01,0.213,83.57,"No","No","No","No","Pass","Released","No","No"
"BN-BAL-202508-0500","Keytruda-API","Ballydine","2025-08-17",2025-08-22,"OP-020",201.2,99.38,94.68,7.06,0.325,87.17,"No","No","No","No","Pass","Released","No","No"
"BN-BRI-202508-0019","Oncology-BioTx_01","Brinny","2025-08-18",2025-09-02,"OP-010",201.3,99.79,82.73,6.88,0.182,88.16,"No","No","No","No","Pass","Released","No","No"
"BN-CAR-202508-0060","Gardasil-Fill","Carlow","2025-08-21",2025-09-04,"OP-002",198.4,100.15,90.56,7.1,0.324,93.23,"No","No","No","No","Pass","Released","No","No"
"BN-BRI-202508-0064","Oncology-BioTx_01","Brinny","2025-08-23",2025-08-29,"OP-002",50.7,98.11,93.89,6.9,0.238,85.71,"No","No","No","No","Pass","Released","No","No"
"BN-BAL-202508-0091","HepC-API","Ballydine","2025-08-24",2025-09-02,"OP-008",54.7,98.59,95.88,7.16,0.179,84.68,"No","No","No","No","Pass","Released","No","No"
"BN-BRI-202508-0325","Oncology-BioTx_01","Brinny","2025-08-25",2025-09-05,"OP-018",195.1,99.9,88.79,7.08,0.211,86.17,"No","No","No","No","Pass","Released","No","No"
"BN-BAL-202508-0483","HepC-API","Ballydine","2025-08-25",2025-09-06,"OP-007",249.3,98.87,84.75,6.96,0.295,89.36,"No","No","No","No","Pass","Released","No","No"
"BN-BAL-202508-0296","HepC-API","Ballydine","2025-08-26",2025-09-08,"OP-014",205,99.2,90.88,6.76,0.283,89.19,"No","No","Yes","No","Fail","Under Review","Yes","Yes"
"BN-BRI-202508-0183","Oncology-BioTx_01","Brinny","2025-08-27",2025-09-10,"OP-018",204.9,98.58,92.67,7.06,0.344,82.84,"No","No","No","No","Pass","Released","No","No"
"BN-DUN-202508-0003","Biologics-DS-A","Dunboyne","2025-08-28",2025-09-07,"OP-014",197.9,97.34,85.73,7.09,0.274,85.3,"No","No","No","No","Pass","Released","No","No"
"BN-DUN-202509-0014","Biologics-DS-A","Dunboyne","2025-09-02",2025-09-19,"OP-010",47.2,97.34,90,7.36,0.255,86.18,"No","No","No","No","Pass","Released","No","No"
"BN-BAL-202509-0077","HepC-API","Ballydine","2025-09-02",2025-09-20,"OP-002",48,99.3,87.27,7.06,0.254,93.19,"No","No","No","No","Pass","Released","No","No"
"BN-DUN-202509-0525","Biologics-DS-B","Dunboyne","2025-09-02",2025-09-16,"OP-014",54.3,98.04,87.58,7.03,0.271,87.19,"No","No","No","No","Pass","Released","No","No"
"BN-DUN-202509-0153","Biologics-DS-A","Dunboyne","2025-09-03",2025-09-09,"OP-003",101,97.43,88.19,7.1,0.162,81.51,"No","No","No","No","Pass","Released","No","No"
"BN-BRI-202509-0208","Oncology-BioTx_01","Brinny","2025-09-06",2025-09-18,"OP-003",51.3,98.01,82.2,7.25,0.372,86.96,"No","No","No","No","Pass","Released","No","No"
"BN-BAL-202509-0061","HepC-API","Ballydine","2025-09-07",2025-09-23,"OP-006",50.5,99.52,94.44,7.14,0.242,88.99,"No","No","No","No","Pass","Released","No","No"
"BN-BRI-202509-0335","Oncology-BioTx_01","Brinny","2025-09-10",2025-09-25,"OP-019",45.4,99.76,87.65,7.22,0.338,88.45,"No","No","No","No","Pass","Released","No","No"
"BN-DUN-202509-0466","Biologics-DS-A","Dunboyne","2025-09-12",2025-09-25,"OP-010",48.2,97.24,92.05,7.19,0.206,84,"No","No","No","No","Pass","Released","No","No"
"BN-DUN-202509-0110","Biologics-DS-B","Dunboyne","2025-09-13",2025-09-25,"OP-007",201,97.78,83.45,7.22,0.234,87.07,"No","No","No","No","Pass","Released","No","No"
"BN-CAR-202509-0426","Gardasil-Fill","Carlow","2025-09-13",2025-10-01,"OP-003",204,98.76,87.66,7.23,0.331,94.82,"No","No","No","No","Pass","Released","No","No"
"BN-DUN-202509-0432","Biologics-DS-B","Dunboyne","2025-09-13",2025-09-30,"OP-004",51.8,97.42,90.34,7.16,0.309,82.91,"No","No","No","No","Pass","Released","No","No"
"BN-DUN-202509-0530","Biologics-DS-A","Dunboyne","2025-09-15",2025-09-21,"OP-007",101.6,98.29,85.55,7.1,0.201,81.08,"No","No","No","No","Pass","Released","No","No"
"BN-BAL-202509-0017","HepC-API","Ballydine","2025-09-16",2025-09-25,"OP-012",48.9,98.87,88.22,6.96,0.184,89.83,"No","No","No","No","Pass","Released","No","No"
"BN-BAL-202509-0318","Keytruda-API","Ballydine","2025-09-17",2025-09-27,"OP-019",201.8,99.94,88.37,7.06,0.385,86.66,"No","No","No","No","Pass","Released","No","No"
"BN-BAL-202509-0324","HepC-API","Ballydine","2025-09-17",2025-10-01,"OP-004",248.3,99.52,88.58,7.13,0.24,88.31,"No","No","No","No","Pass","Released","No","No"
"BN-BAL-202509-0016","HepC-API","Ballydine","2025-09-18",2025-10-05,"OP-020",97.6,100.19,84.28,7.21,0.369,87.83,"No","No","No","No","Pass","Released","Yes","Yes"
"BN-DUN-202509-0292","Biologics-DS-B","Dunboyne","2025-09-19",2025-09-30,"OP-010",204,97.51,88.37,7.05,0.328,83.8,"No","No","No","No","Pass","Released","No","No"
"BN-BAL-202509-0467","Keytruda-API","Ballydine","2025-09-20",2025-09-25,"OP-005",251.3,99.7,91.52,7.02,0.353,83.12,"No","No","No","No","Pass","Released","No","No"
"BN-CAR-202509-0197","Gardasil-Fill","Carlow","2025-09-22",2025-10-06,"OP-015",104.4,98.32,88.7,7.14,0.212,92.63,"No","No","No","No","Pass","Released","No","No"
"BN-BAL-202509-0565","Keytruda-API","Ballydine","2025-09-22",2025-10-03,"OP-002",195.6,100.02,88.09,7.23,0.257,90.82,"No","No","No","No","Pass","Released","No","No"
"BN-DUN-202509-0223","Biologics-DS-A","Dunboyne","2025-09-25",2025-09-30,"OP-004",54.2,97.25,85.07,7.06,0.286,86.71,"No","No","No","No","Pass","Released","No","No"
"BN-BRI-202509-0240","Oncology-BioTx_01","Brinny","2025-09-25",2025-10-06,"OP-001",195.7,98.35,83.17,7.04,0.277,86.7,"No","No","No","No","Pass","Released","Yes","Yes"
"BN-CAR-202509-0052","Gardasil-Fill","Carlow","2025-09-26",2025-10-08,"OP-004",48.2,98.87,85.09,7.02,0.324,90.65,"No","No","No","No","Pass","Released","No","No"
"BN-DUN-202509-0068","Biologics-DS-A","Dunboyne","2025-09-26",2025-10-12,"OP-019",96.5,97,83.86,7.2,0.172,88.56,"No","No","No","No","Pass","Released","No","No"
"BN-CAR-202509-0568","Gardasil-Fill","Carlow","2025-09-26",2025-10-10,"OP-003",247.7,97.55,85.21,6.97,0.366,89.37,"No","No","No","No","Pass","Released","No","No"
"BN-DUN-202509-0422","Biologics-DS-B","Dunboyne","2025-09-28",2025-10-15,"OP-015",95.2,98.61,88.59,7.25,0.387,84.15,"No","No","No","No","Pass","Released","No","No"
"BN-BRI-202509-0239","Oncology-BioTx_01","Brinny","2025-09-29",2025-10-09,"OP-014",254.9,98.53,84.97,7.01,0.302,91.47,"No","No","No","No","Pass","Released","No","No"
"BN-DUN-202509-0112","Biologics-DS-A","Dunboyne","2025-09-30",2025-10-15,"OP-020",250.6,97,94.07,7.17,0.418,83.75,"No","No","No","No","Pass","Released","No","No"
"BN-DUN-202510-0398","Biologics-DS-B","Dunboyne","2025-10-01",2025-10-17,"OP-008",204.8,98.06,89.47,6.98,0.269,84.2,"No","No","No","No","Pass","Released","No","No"
"BN-DUN-202510-0489","Biologics-DS-B","Dunboyne","2025-10-01",2025-10-10,"OP-016",248.7,98.19,88.04,7.25,0.237,86.16,"No","No","No","No","Pass","Released","No","No"
"BN-DUN-202510-0447","Biologics-DS-A","Dunboyne","2025-10-03",2025-10-18,"OP-003",103.6,98.18,86.83,7.14,0.268,82.15,"No","No","No","No","Pass","Released","No","No"
"BN-CAR-202510-0504","Gardasil-Fill","Carlow","2025-10-03",2025-10-18,"OP-017",102.5,98.81,88.68,7.12,0.246,86.84,"No","No","No","No","Pass","Released","No","No"
"BN-DUN-202510-0232","Biologics-DS-B","Dunboyne","2025-10-04",2025-10-13,"OP-004",50.6,97.93,91.01,7.23,0.193,83.66,"No","No","No","No","Pass","Released","No","No"
"BN-BAL-202510-0305","Keytruda-API","Ballydine","2025-10-04",2025-10-13,"OP-005",203.4,99.22,89,7.11,0.223,85.52,"No","No","No","No","Pass","Released","No","No"
"BN-BAL-202510-0524","Keytruda-API","Ballydine","2025-10-04",2025-10-11,"OP-017",202.9,99.74,83.02,7.13,0.216,89.43,"No","No","No","No","Pass","Released","No","No"
"BN-CAR-202510-0159","Gardasil-Fill","Carlow","2025-10-05",2025-10-23,"OP-019",204.1,98.83,83.28,7.27,0.237,92.64,"No","No","No","No","Pass","Released","No","No"
"BN-BAL-202510-0162","HepC-API","Ballydine","2025-10-05",2025-10-20,"OP-017",101.4,99.94,83.52,7.27,0.303,90.96,"No","No","No","No","Pass","Released","No","No"
"BN-BAL-202510-0313","HepC-API","Ballydine","2025-10-05",2025-10-23,"OP-020",197.4,99.41,90.13,7.09,0.296,92.09,"No","No","No","No","Pass","Released","No","No"
"BN-BAL-202510-0452","Keytruda-API","Ballydine","2025-10-05",2025-10-13,"OP-015",248.4,98.55,86.98,7.08,0.247,90.71,"No","No","No","No","Pass","Released","No","No"
"BN-BAL-202510-0410","Keytruda-API","Ballydine","2025-10-06",2025-10-20,"OP-016",202.1,98.39,81.67,6.83,0.328,89.4,"No","No","No","No","Pass","Released","No","No"
"BN-BRI-202510-0549","Oncology-BioTx_01","Brinny","2025-10-07",2025-10-17,"OP-007",98.7,99.36,89.52,7.05,0.251,86.56,"No","No","No","No","Pass","Released","No","No"
"BN-DUN-202510-0402","Biologics-DS-B","Dunboyne","2025-10-08",2025-10-21,"OP-013",199.2,98.2,87.91,7.19,0.377,86.36,"No","No","No","No","Pass","Released","No","No"
"BN-DUN-202510-0545","Biologics-DS-B","Dunboyne","2025-10-08",2025-10-18,"OP-016",202.4,97.56,90.48,6.91,0.18,84.65,"No","No","No","No","Pass","Released","No","No"
"BN-CAR-202510-0397","Gardasil-Fill","Carlow","2025-10-11",2025-10-29,"OP-006",98.6,98.75,85.95,7.1,0.257,90.85,"No","No","No","No","Pass","Released","No","No"
"BN-DUN-202510-0190","Biologics-DS-A","Dunboyne","2025-10-12",2025-10-21,"OP-004",52.2,97,89.91,7.07,0.227,88.51,"No","No","No","No","Pass","Released","No","No"
"BN-DUN-202510-0026","Biologics-DS-B","Dunboyne","2025-10-14",2025-10-25,"OP-012",200.2,97.99,94.03,7.21,0.261,88.86,"No","No","No","No","Pass","Released","No","No"
"BN-BAL-202510-0030","Keytruda-API","Ballydine","2025-10-17",2025-11-01,"OP-005",198,99.36,84.74,7,0.32,85.94,"No","No","No","No","Pass","Released","No","No"
"BN-DUN-202510-0249","Biologics-DS-A","Dunboyne","2025-10-18",2025-10-25,"OP-002",51.5,97,89.01,6.96,0.281,88.03,"No","No","No","No","Pass","Released","No","No"
"BN-DUN-202510-0368","Biologics-DS-A","Dunboyne","2025-10-19",2025-11-05,"OP-014",52.9,98.48,88.49,6.92,0.312,81.33,"No","No","No","No","Pass","Released","No","No"
"BN-CAR-202510-0177","Gardasil-Fill","Carlow","2025-10-21",2025-10-28,"OP-007",54.1,98.74,83.71,7.29,0.354,88.71,"No","No","No","No","Pass","Released","No","No"
"BN-BAL-202510-0469","HepC-API","Ballydine","2025-10-24",2025-11-06,"OP-002",200.9,94.3,76.62,7.71,0.255,76.92,"Yes","Yes","Yes","No","Fail","Rejected","Yes","Yes"
"BN-BRI-202510-0338","Oncology-BioTx_01","Brinny","2025-10-25",2025-11-07,"OP-005",102.9,99.65,85.82,7.01,0.227,87.07,"No","No","No","No","Pass","Released","No","No"
"BN-CAR-202510-0515","Gardasil-Fill","Carlow","2025-10-25",2025-11-07,"OP-006",54.4,98,92.36,7.15,0.166,92.5,"No","No","No","No","Pass","Released","No","No"
"BN-CAR-202510-0070","Gardasil-Fill","Carlow","2025-10-26",2025-11-03,"OP-017",196.9,99.01,86.86,6.9,0.227,90.64,"No","No","No","No","Pass","Released","No","No"
"BN-DUN-202510-0203","Biologics-DS-B","Dunboyne","2025-10-27",2025-11-14,"OP-012",200.5,97,85.08,6.94,0.352,83.03,"No","No","No","No","Pass","Released","No","No"
"BN-BAL-202510-0012","HepC-API","Ballydine","2025-10-30",2025-11-13,"OP-011",97.9,99.38,86.2,6.95,0.105,85.51,"No","No","No","No","Pass","Released","No","No"
"BN-BAL-202511-0567","HepC-API","Ballydine","2025-11-01",2025-11-14,"OP-010",101.4,100.2,87.22,6.82,0.364,88.91,"No","No","No","No","Pass","Released","No","No"
"BN-DUN-202511-0513","Biologics-DS-B","Dunboyne","2025-11-05",2025-11-15,"OP-007",195.9,98.87,87.96,7.08,0.211,92.15,"No","No","No","No","Pass","Released","No","No"
"BN-BAL-202511-0367","HepC-API","Ballydine","2025-11-06",2025-11-24,"OP-019",98.4,100.43,86.39,6.95,0.382,89.38,"No","No","No","No","Pass","Released","No","No"
"BN-BRI-202511-0470","Oncology-BioTx_01","Brinny","2025-11-06",2025-11-13,"OP-010",99.1,99.22,89.06,7.02,0.357,90.23,"No","No","No","No","Pass","Released","No","No"
"BN-BAL-202511-0527","Keytruda-API","Ballydine","2025-11-06",2025-11-14,"OP-018",197.1,98.53,89.88,7.21,0.217,92.3,"No","No","No","No","Pass","Released","No","No"
"BN-BAL-202511-0552","HepC-API","Ballydine","2025-11-06",2025-11-20,"OP-016",52.2,98.79,84.82,7.11,0.257,87.77,"No","No","No","No","Pass","Released","No","No"
"BN-BRI-202511-0184","Oncology-BioTx_01","Brinny","2025-11-07",2025-11-18,"OP-020",99.9,98.69,85.7,7.04,0.336,85.93,"No","No","No","No","Pass","Released","No","No"
"BN-BAL-202511-0142","HepC-API","Ballydine","2025-11-08",2025-11-18,"OP-013",50.3,99,86.42,7.06,0.28,88.86,"No","No","No","No","Pass","Released","No","No"
"BN-DUN-202511-0205","Biologics-DS-A","Dunboyne","2025-11-09",2025-11-21,"OP-018",200.6,97.41,84.01,7.13,0.209,81.86,"No","No","No","No","Pass","Released","No","No"
"BN-DUN-202511-0366","Biologics-DS-A","Dunboyne","2025-11-10",2025-11-22,"OP-004",104.2,97.36,93.01,7.17,0.299,84.1,"No","No","No","No","Pass","Released","No","No"
"BN-BAL-202511-0394","HepC-API","Ballydine","2025-11-10",2025-11-26,"OP-002",50.5,99.65,85.56,7.08,0.181,87.43,"No","No","No","No","Pass","Released","No","No"
"BN-CAR-202511-0400","Gardasil-Fill","Carlow","2025-11-11",2025-11-16,"OP-001",51.9,99.07,86.07,7.01,0.336,86.25,"No","No","No","No","Pass","Released","No","No"
"BN-BAL-202511-0535","HepC-API","Ballydine","2025-11-11",2025-11-17,"OP-006",203.6,99.39,87.94,7.1,0.121,90.3,"No","No","No","No","Pass","Released","No","No"
"BN-BAL-202511-0408","Keytruda-API","Ballydine","2025-11-12",2025-11-29,"OP-002",199.5,99.23,86.22,7.08,0.237,87.68,"No","No","No","No","Pass","Released","Yes","Yes"
"BN-BAL-202511-0542","HepC-API","Ballydine","2025-11-13",2025-11-18,"OP-001",98.3,99.2,88.99,7.14,0.279,87.31,"No","No","No","No","Pass","Released","No","No"
"BN-CAR-202511-0257","Gardasil-Fill","Carlow","2025-11-15",2025-11-27,"OP-015",250.5,97.57,91.68,7.06,0.175,89.72,"No","No","No","No","Pass","Released","No","No"
"BN-CAR-202511-0539","Gardasil-Fill","Carlow","2025-11-15",2025-12-03,"OP-013",54.7,98.01,84.96,6.82,0.332,89.55,"No","No","No","No","Pass","Released","No","No"
"BN-DUN-202511-0139","Biologics-DS-A","Dunboyne","2025-11-16",2025-12-01,"OP-017",95.3,97.86,88.59,7.07,0.283,84.91,"No","No","No","No","Pass","Released","No","No"
"BN-CAR-202511-0414","Gardasil-Fill","Carlow","2025-11-16",2025-12-02,"OP-006",48,99.19,89.54,7.19,0.247,86.9,"No","No","No","No","Pass","Released","No","No"
"BN-BAL-202511-0532","Keytruda-API","Ballydine","2025-11-16",2025-11-21,"OP-019",196,99.56,84.63,7.06,0.248,89.89,"No","No","No","No","Pass","Released","No","No"
"BN-BAL-202511-0280","Keytruda-API","Ballydine","2025-11-17",2025-11-27,"OP-007",104.6,99.77,89.4,7.03,0.314,91.64,"No","No","No","No","Pass","Released","No","No"
"BN-DUN-202511-0312","Biologics-DS-B","Dunboyne","2025-11-19",2025-12-03,"OP-019",45.6,98.25,91.91,7.22,0.323,82.41,"No","No","No","No","Pass","Released","No","No"
"BN-BAL-202511-0323","HepC-API","Ballydine","2025-11-19",2025-12-05,"OP-005",48.5,98.23,92.54,7,0.288,89.4,"No","No","No","No","Pass","Released","No","No"
"BN-DUN-202511-0372","Biologics-DS-A","Dunboyne","2025-11-19",2025-12-03,"OP-007",100,97.42,89,7.09,0.243,85.92,"No","No","No","No","Pass","Released","No","No"
"BN-BAL-202511-0105","HepC-API","Ballydine","2025-11-20",2025-12-04,"OP-007",253.3,99.49,86.55,7.03,0.2,87.79,"No","No","No","No","Pass","Released","No","No"
"BN-BAL-202511-0498","HepC-API","Ballydine","2025-11-22",2025-12-03,"OP-001",245.6,98.86,84.94,7.09,0.364,88.53,"No","No","No","No","Pass","Released","No","No"
"BN-DUN-202511-0082","Biologics-DS-B","Dunboyne","2025-11-26",2025-12-01,"OP-015",48.6,98.78,91.44,6.97,0.253,86.55,"No","No","No","No","Pass","Released","No","No"
"BN-DUN-202511-0582","Biologics-DS-A","Dunboyne","2025-11-27",2025-12-05,"OP-011",52.5,98.08,91.48,7.17,0.183,83.67,"No","No","No","No","Pass","Released","No","No"
"BN-DUN-202511-0401","Biologics-DS-A","Dunboyne","2025-11-28",2025-12-15,"OP-017",96.7,97.69,86.86,7.17,0.201,81.21,"No","No","No","No","Pass","Released","No","No"
"BN-BAL-202511-0458","HepC-API","Ballydine","2025-11-28",2025-12-12,"OP-001",200.3,99.65,90.54,7.07,0.27,84.84,"No","No","No","No","Pass","Released","No","No"
"BN-DUN-202511-0302","Biologics-DS-B","Dunboyne","2025-11-30",2025-12-14,"OP-007",96.8,98.69,91.22,6.98,0.376,80.81,"No","No","No","No","Pass","Released","No","No"
"BN-CAR-202512-0074","Gardasil-Fill","Carlow","2025-12-01",2025-12-19,"OP-003",46.2,99.31,86.13,7.04,0.316,97.33,"No","No","No","No","Pass","Released","No","No"
"BN-DUN-202512-0083","Biologics-DS-A","Dunboyne","2025-12-02",2025-12-14,"OP-011",253.7,97.62,88.97,7.28,0.198,85.98,"No","No","No","No","Pass","Released","No","No"
"BN-DUN-202512-0243","Biologics-DS-A","Dunboyne","2025-12-03",2025-12-10,"OP-011",197.5,98.08,90.67,7.19,0.304,86.43,"No","No","No","No","Pass","Released","No","No"
"BN-DUN-202512-0558","Biologics-DS-B","Dunboyne","2025-12-04",2025-12-09,"OP-016",102.7,97.61,86.65,6.9,0.279,84.15,"No","No","No","No","Pass","Released","No","No"
"BN-DUN-202512-0598","Biologics-DS-A","Dunboyne","2025-12-04",2025-12-20,"OP-012",53.3,95.06,79.18,7.05,0.628,80,"Yes","Yes","No","Yes","Fail","Under Review","Yes","Yes"
"BN-DUN-202512-0045","Biologics-DS-B","Dunboyne","2025-12-06",2025-12-19,"OP-015",48.6,97.66,86.78,7.06,0.349,87.68,"No","No","No","No","Pass","Released","No","No"
"BN-BRI-202512-0454","Oncology-BioTx_01","Brinny","2025-12-06",2025-12-21,"OP-017",53.8,98.53,90.05,7.12,0.155,90.27,"No","No","No","No","Pass","Released","No","No"
"BN-BAL-202512-0042","Keytruda-API","Ballydine","2025-12-08",2025-12-17,"OP-002",203.1,99.76,84.11,6.85,0.276,87.14,"No","No","No","No","Pass","Released","No","No"
"BN-DUN-202512-0118","Biologics-DS-A","Dunboyne","2025-12-08",2025-12-19,"OP-010",247.9,97.04,87.09,7.03,0.356,78.5,"No","No","No","No","Pass","Released","No","No"
"BN-CAR-202512-0533","Gardasil-Fill","Carlow","2025-12-09",2025-12-15,"OP-003",197.1,98.24,88.56,6.98,0.291,92.53,"No","No","No","No","Pass","Released","No","No"
"BN-DUN-202512-0212","Biologics-DS-B","Dunboyne","2025-12-11",2025-12-18,"OP-007",195.9,97.73,85.16,7.09,0.299,83.1,"No","No","No","No","Pass","Released","No","No"
"BN-CAR-202512-0361","Gardasil-Fill","Carlow","2025-12-13",2025-12-19,"OP-019",249.8,99,92.36,7.13,0.244,91.85,"No","No","No","No","Pass","Released","No","No"
"BN-BRI-202512-0260","Oncology-BioTx_01","Brinny","2025-12-18",2025-12-31,"OP-014",197.8,99.11,86.72,7.23,0.246,82.45,"No","No","No","No","Pass","Released","No","No"
"BN-BAL-202512-0477","Keytruda-API","Ballydine","2025-12-18",2026-01-01,"OP-012",46.4,99.59,93.08,7.13,0.344,89.85,"No","No","No","No","Pass","Released","No","No"
"BN-DUN-202512-0179","Biologics-DS-B","Dunboyne","2025-12-19",2026-01-03,"OP-010",51.9,98.84,87,6.93,0.333,85.5,"No","No","No","No","Pass","Released","No","No"
"BN-BAL-202512-0024","HepC-API","Ballydine","2025-12-20",2025-12-31,"OP-015",202.9,99.15,88.77,7.1,0.27,88.36,"No","No","No","No","Pass","Released","No","No"
"BN-CAR-202512-0126","Gardasil-Fill","Carlow","2025-12-25",2026-01-03,"OP-016",250,98.01,83.33,7.17,0.356,92.88,"No","No","No","No","Pass","Released","No","No"
"BN-BAL-202512-0569","HepC-API","Ballydine","2025-12-26",2026-01-09,"OP-016",104.3,99.06,92.03,7,0.168,85.08,"No","No","No","No","Pass","Released","No","No"
"BN-BAL-202512-0075","HepC-API","Ballydine","2025-12-27",2026-01-09,"OP-015",245.5,99.05,91.22,7.17,0.218,87.4,"No","No","No","No","Pass","Released","No","No"
"BN-BAL-202512-0170","Keytruda-API","Ballydine","2025-12-28",2026-01-12,"OP-005",100.7,99.99,86.29,7.25,0.218,87.93,"No","No","No","No","Pass","Released","No","No"
"BN-DUN-202512-0494","Biologics-DS-A","Dunboyne","2025-12-28",2026-01-09,"OP-003",101,97.58,88.86,7.32,0.238,83.76,"No","No","No","No","Pass","Released","No","No"
"BN-CAR-202601-0032","Gardasil-Fill","Carlow","2026-01-07",2026-01-23,"OP-020",54.7,97.95,90.92,6.87,0.37,92.7,"No","No","No","No","Pass","Released","No","No"
"BN-BRI-202601-0264","Oncology-BioTx_01","Brinny","2026-01-08",2026-01-20,"OP-013",102.7,99.01,91.38,7.06,0.326,89.18,"No","No","No","No","Pass","Released","No","No"
"BN-BAL-202601-0560","HepC-API","Ballydine","2026-01-08",2026-01-25,"OP-001",203.9,100.61,89.04,7.16,0.269,86.62,"No","No","No","No","Pass","Released","No","No"
"BN-DUN-202601-0175","Biologics-DS-B","Dunboyne","2026-01-11",2026-01-21,"OP-016",203.5,98.47,88.4,7.3,0.295,82.71,"No","No","No","No","Pass","Released","No","No"
"BN-DUN-202601-0202","Biologics-DS-A","Dunboyne","2026-01-11",2026-01-28,"OP-015",196.1,98.44,89.02,7.21,0.333,80.95,"No","No","No","No","Pass","Released","No","No"
"BN-BAL-202601-0237","HepC-API","Ballydine","2026-01-11",2026-01-27,"OP-007",54.4,98.79,86.43,7.1,0.316,89.71,"No","No","No","No","Pass","Released","No","No"
"BN-BRI-202601-0319","Oncology-BioTx_01","Brinny","2026-01-12",2026-01-23,"OP-004",99.8,99.27,86.57,7.15,0.231,89.78,"No","No","No","No","Pass","Released","No","No"
"BN-DUN-202601-0145","Biologics-DS-B","Dunboyne","2026-01-13",2026-01-30,"OP-008",104.5,97.79,85.69,7.01,0.255,87.25,"No","No","No","No","Pass","Released","No","No"
"BN-DUN-202601-0360","Biologics-DS-B","Dunboyne","2026-01-13",2026-01-26,"OP-010",199.9,102.28,71.48,7.01,0.103,74.29,"Yes","Yes","No","No","Fail","Rejected","Yes","Yes"
"BN-DUN-202601-0049","Biologics-DS-A","Dunboyne","2026-01-14",2026-01-28,"OP-009",45.6,97,88.18,7.42,0.279,83.7,"No","No","Yes","No","Fail","Rejected","Yes","Yes"
"BN-CAR-202601-0136","Gardasil-Fill","Carlow","2026-01-14",2026-01-26,"OP-016",254.6,98.39,85.49,7.11,0.299,89.34,"No","No","No","No","Pass","Released","No","No"
"BN-DUN-202601-0378","Biologics-DS-B","Dunboyne","2026-01-14",2026-01-27,"OP-003",103.8,98.55,98.14,7.24,0.35,83.94,"No","No","No","No","Pass","Released","No","No"
"BN-CAR-202601-0505","Gardasil-Fill","Carlow","2026-01-15",2026-01-22,"OP-015",196.4,97.81,90.22,7.12,0.295,92.14,"No","No","No","No","Pass","Released","No","No"
"BN-DUN-202601-0315","Biologics-DS-A","Dunboyne","2026-01-16",2026-02-01,"OP-016",251.4,97,91.01,6.93,0.302,88.61,"No","No","No","No","Pass","Released","No","No"
"BN-DUN-202601-0576","Biologics-DS-A","Dunboyne","2026-01-17",2026-01-26,"OP-019",200.9,97.99,87.86,7.26,0.339,79.98,"No","No","No","No","Pass","Released","No","No"
"BN-DUN-202601-0271","Biologics-DS-B","Dunboyne","2026-01-18",2026-01-31,"OP-017",47.8,97.75,91.66,7.09,0.411,83.17,"No","No","No","No","Pass","Released","No","No"
"BN-DUN-202601-0242","Biologics-DS-A","Dunboyne","2026-01-19",2026-01-30,"OP-009",252.9,97,88.29,6.93,0.313,87.09,"No","No","No","No","Pass","Released","No","No"
"BN-DUN-202601-0224","Biologics-DS-A","Dunboyne","2026-01-20",2026-02-02,"OP-014",52.5,97.01,88.65,7.03,0.196,84.48,"No","No","No","No","Pass","Released","No","No"
"BN-BAL-202601-0290","HepC-API","Ballydine","2026-01-21",2026-01-30,"OP-012",246.3,98.88,84.19,7.16,0.393,86.6,"No","No","No","No","Pass","Released","No","No"
"BN-DUN-202601-0342","Biologics-DS-A","Dunboyne","2026-01-23",2026-02-04,"OP-004",199.4,97.59,81.65,6.89,0.385,80.58,"No","No","No","No","Pass","Released","No","No"
"BN-BAL-202601-0134","HepC-API","Ballydine","2026-01-24",2026-02-02,"OP-011",95,94.18,75.6,7.09,0.53,76.06,"Yes","Yes","No","Yes","Fail","Under Review","Yes","Yes"
"BN-BRI-202601-0358","Oncology-BioTx_01","Brinny","2026-01-24",2026-02-01,"OP-005",195.3,99.05,86.96,6.91,0.257,88.74,"No","No","No","No","Pass","Released","No","No"
"BN-BAL-202601-0363","HepC-API","Ballydine","2026-01-26",2026-02-12,"OP-010",200.8,99.05,92.86,7.11,0.25,89.24,"No","No","No","No","Pass","Released","No","No"
"BN-BAL-202601-0374","Keytruda-API","Ballydine","2026-01-27",2026-02-10,"OP-011",99,98.99,90.73,7.04,0.259,90.64,"No","No","No","No","Pass","Released","No","No"
"BN-BAL-202601-0206","HepC-API","Ballydine","2026-01-29",2026-02-15,"OP-001",250.4,99.31,82.91,7.12,0.153,91.17,"No","No","No","No","Pass","Released","No","No"
"BN-BAL-202601-0216","HepC-API","Ballydine","2026-01-29",2026-02-08,"OP-017",53.9,99.67,84.16,7.08,0.219,88.58,"No","No","No","No","Pass","Released","No","No"
"BN-CAR-202601-0167","Gardasil-Fill","Carlow","2026-01-30",2026-02-05,"OP-001",197.9,98.17,87.58,7.06,0.316,90.07,"No","No","No","No","Pass","Released","No","No"
"BN-BRI-202601-0446","Oncology-BioTx_01","Brinny","2026-01-31",2026-02-08,"OP-003",96.4,98.18,82.9,7.01,0.287,85.49,"No","No","No","No","Pass","Released","No","No"
"BN-BAL-202602-0081","Keytruda-API","Ballydine","2026-02-01",2026-02-14,"OP-015",199.6,99.26,89.7,7.2,0.367,86.38,"No","No","No","No","Pass","Released","No","No"
"BN-CAR-202602-0279","Gardasil-Fill","Carlow","2026-02-01",2026-02-06,"OP-010",204.4,97.83,96.17,7.15,0.23,93.73,"No","No","No","No","Pass","Released","No","No"
"BN-BAL-202602-0591","Keytruda-API","Ballydine","2026-02-01",2026-02-12,"OP-012",48.6,98.89,88.39,7.03,0.278,88.71,"No","No","No","No","Pass","Released","No","No"
"BN-BAL-202602-0486","Keytruda-API","Ballydine","2026-02-03",2026-02-11,"OP-007",48.9,98.99,86.99,7.04,0.205,86.05,"No","No","No","No","Pass","Released","No","No"
"BN-BAL-202602-0204","Keytruda-API","Ballydine","2026-02-05",2026-02-21,"OP-007",202.3,98.34,87.43,6.99,0.367,87.29,"No","No","No","No","Pass","Released","No","No"
"BN-BRI-202602-0340","Oncology-BioTx_01","Brinny","2026-02-05",2026-02-12,"OP-008",196.4,99.8,91.06,6.99,0.366,85.67,"No","No","No","No","Pass","Released","No","No"
"BN-CAR-202602-0006","Gardasil-Fill","Carlow","2026-02-07",2026-02-25,"OP-014",202.1,98.02,84.78,6.79,0.303,89.89,"No","No","Yes","No","Fail","Under Review","Yes","Yes"
"BN-BAL-202602-0248","HepC-API","Ballydine","2026-02-08",2026-02-21,"OP-015",47.5,99.63,91.09,7.17,0.304,85.98,"No","No","No","No","Pass","Released","No","No"
"BN-BRI-202602-0148","Oncology-BioTx_01","Brinny","2026-02-09",2026-02-21,"OP-014",95.5,98.25,92.58,7.07,0.336,82.03,"No","No","No","No","Pass","Released","No","No"
"BN-CAR-202602-0492","Gardasil-Fill","Carlow","2026-02-09",2026-02-18,"OP-004",49.1,97,90.48,7.05,0.337,89.07,"No","No","No","No","Pass","Released","No","No"
"BN-DUN-202602-0526","Biologics-DS-B","Dunboyne","2026-02-10",2026-02-16,"OP-002",96.3,97.37,85.32,7.32,0.241,89.64,"No","No","No","No","Pass","Released","No","No"
"BN-CAR-202602-0155","Gardasil-Fill","Carlow","2026-02-13",2026-02-21,"OP-005",100.2,98.38,88.3,7.08,0.228,89.23,"No","No","No","No","Pass","Released","No","No"
"BN-CAR-202602-0443","Gardasil-Fill","Carlow","2026-02-14",2026-02-24,"OP-011",98.7,98.15,82.87,7.09,0.184,89.82,"No","No","No","No","Pass","Released","No","No"
"BN-BAL-202602-0347","HepC-API","Ballydine","2026-02-15",2026-02-20,"OP-001",248.8,99.11,82.94,7.05,0.351,90.3,"No","No","No","No","Pass","Released","No","No"
"BN-BAL-202602-0113","Keytruda-API","Ballydine","2026-02-18",2026-03-08,"OP-010",97,99.3,95.03,6.77,0.286,89.92,"No","No","Yes","No","Fail","Rejected","Yes","Yes"
"BN-BAL-202602-0132","HepC-API","Ballydine","2026-02-19",2026-03-02,"OP-003",200.2,100.49,87.23,7.03,0.327,88.03,"No","No","No","No","Pass","Released","No","No"
"BN-BRI-202602-0138","Oncology-BioTx_01","Brinny","2026-02-19",2026-03-02,"OP-013",246.4,99.26,83.9,7.05,0.302,89.22,"No","No","No","No","Pass","Released","No","No"
"BN-BAL-202602-0156","Keytruda-API","Ballydine","2026-02-19",2026-03-04,"OP-008",247.3,98.52,87.52,7.31,0.353,87.69,"No","No","No","No","Pass","Released","No","No"
"BN-CAR-202602-0511","Gardasil-Fill","Carlow","2026-02-19",2026-03-06,"OP-018",48.9,98.88,83.22,7.06,0.167,91.01,"No","No","No","No","Pass","Released","No","No"
"BN-BAL-202602-0178","HepC-API","Ballydine","2026-02-21",2026-03-06,"OP-018",47.7,100.37,87.28,7.15,0.201,91.02,"No","No","No","No","Pass","Released","No","No"
"BN-BAL-202602-0294","Keytruda-API","Ballydine","2026-02-21",2026-03-11,"OP-006",247.4,99.86,85.53,7.03,0.21,88.53,"No","No","No","No","Pass","Released","No","No"
"BN-BAL-202602-0512","HepC-API","Ballydine","2026-02-22",2026-03-05,"OP-014",203.7,98.98,88.57,6.99,0.242,90.75,"No","No","No","No","Pass","Released","No","No"
"BN-BAL-202602-0429","HepC-API","Ballydine","2026-02-23",2026-03-07,"OP-004",50.4,100.02,83.86,7.1,0.276,88.04,"No","No","No","No","Pass","Released","No","No"
"BN-DUN-202602-0129","Biologics-DS-A","Dunboyne","2026-02-24",2026-03-02,"OP-010",96.9,97.72,96.48,7.2,0.147,80.85,"No","No","No","No","Pass","Released","No","No"
"BN-CAR-202602-0029","Gardasil-Fill","Carlow","2026-02-26",2026-03-07,"OP-009",98.6,98.19,83.15,7.25,0.205,89.13,"No","No","No","No","Pass","Released","No","No"
"BN-DUN-202602-0098","Biologics-DS-A","Dunboyne","2026-02-28",2026-03-05,"OP-020",101.7,98.51,84.03,6.96,0.186,86.49,"No","No","No","No","Pass","Released","No","No"
"BN-BRI-202603-0519","Oncology-BioTx_01","Brinny","2026-03-01",2026-03-07,"OP-018",95.8,98.19,85.04,7.21,0.356,85.62,"No","No","No","No","Pass","Released","No","No"
"BN-DUN-202603-0509","Biologics-DS-B","Dunboyne","2026-03-02",2026-03-08,"OP-006",53.8,98.94,89.4,7.01,0.359,87.13,"No","No","No","No","Pass","Released","No","No"
"BN-BRI-202603-0356","Oncology-BioTx_01","Brinny","2026-03-05",2026-03-10,"OP-015",248.1,99.27,84.26,6.91,0.254,88.47,"No","No","No","No","Pass","Released","No","No"
"BN-CAR-202603-0058","Gardasil-Fill","Carlow","2026-03-06",2026-03-18,"OP-008",248.9,99.02,89.53,7.06,0.365,90.01,"No","No","No","No","Pass","Released","No","No"
"BN-BRI-202603-0051","Oncology-BioTx_01","Brinny","2026-03-13",2026-03-22,"OP-009",202.1,98.74,90.77,7.17,0.336,84.29,"No","No","No","No","Pass","Released","No","No"
"BN-CAR-202603-0214","Gardasil-Fill","Carlow","2026-03-15",2026-03-20,"OP-010",104.3,97.38,86.13,7.18,0.22,91.46,"No","No","No","No","Pass","Released","No","No"
"BN-DUN-202603-0100","Biologics-DS-B","Dunboyne","2026-03-16",2026-04-03,"OP-002",100.3,97.75,87.22,6.95,0.248,82.65,"No","No","No","No","Pass","Released","No","No"
"BN-BRI-202603-0198","Oncology-BioTx_01","Brinny","2026-03-18",2026-03-26,"OP-018",49.2,98.59,84.5,7.1,0.28,81.88,"No","No","No","No","Pass","Released","No","No"
"BN-BRI-202603-0233","Oncology-BioTx_01","Brinny","2026-03-18",2026-04-04,"OP-004",248,98.67,88.13,7.12,0.461,87.36,"No","No","No","No","Pass","Released","No","No"
"BN-BAL-202603-0547","Keytruda-API","Ballydine","2026-03-18",2026-03-29,"OP-013",205,99.7,82.31,7.15,0.295,83.39,"No","No","No","No","Pass","Released","No","No"
"BN-BRI-202603-0597","Oncology-BioTx_01","Brinny","2026-03-18",2026-03-24,"OP-013",247.2,98.37,83.17,7.09,0.294,86.29,"No","No","No","No","Pass","Released","Yes","Yes"
"BN-BAL-202603-0291","Keytruda-API","Ballydine","2026-03-20",2026-03-30,"OP-019",51.6,99.08,90.33,7.03,0.306,87.76,"No","No","No","No","Pass","Released","No","No"
"BN-BAL-202603-0168","Keytruda-API","Ballydine","2026-03-22",2026-04-07,"OP-006",52.5,99.28,85.8,7.04,0.156,88.56,"No","No","No","No","Pass","Released","No","No"
"BN-BRI-202603-0551","Oncology-BioTx_01","Brinny","2026-03-23",2026-04-03,"OP-005",104.1,99.93,89.1,7.22,0.315,83.93,"No","No","No","No","Pass","Released","No","No"
"BN-BAL-202603-0377","Keytruda-API","Ballydine","2026-03-25",2026-04-07,"OP-013",204.3,99.22,86.22,7.08,0.345,91.94,"No","No","No","No","Pass","Released","No","No"
"BN-BRI-202603-0362","Oncology-BioTx_01","Brinny","2026-03-26",2026-04-02,"OP-008",53.4,102.56,71.32,6.64,0.585,75.78,"Yes","Yes","Yes","Yes","Fail","Rejected","Yes","Yes"
"BN-CAR-202603-0274","Gardasil-Fill","Carlow","2026-03-27",2026-04-10,"OP-015",50.1,98.39,86.33,6.92,0.319,93.42,"No","No","No","No","Pass","Released","No","No"
"BN-DUN-202603-0590","Biologics-DS-A","Dunboyne","2026-03-28",2026-04-13,"OP-015",97.5,97.56,92.2,7.24,0.337,83.33,"No","No","No","No","Pass","Released","Yes","Yes"
"BN-DUN-202603-0480","Biologics-DS-A","Dunboyne","2026-03-31",2026-04-09,"OP-020",250,98.86,86.62,7.27,0.251,84.13,"No","No","No","No","Pass","Released","No","No"
"BN-BAL-202604-0211","HepC-API","Ballydine","2026-04-02",2026-04-10,"OP-012",50.6,99.25,83.57,7.17,0.275,85.8,"No","No","No","No","Pass","Released","No","No"
"BN-DUN-202604-0127","Biologics-DS-A","Dunboyne","2026-04-03",2026-04-11,"OP-003",250.2,97.82,87.29,6.95,0.371,82.08,"No","No","No","No","Pass","Released","No","No"
"BN-BAL-202604-0444","Keytruda-API","Ballydine","2026-04-04",2026-04-10,"OP-017",247.4,98.56,88.8,7.06,0.424,90.44,"No","No","No","No","Pass","Released","No","No"
"BN-DUN-202604-0119","Biologics-DS-A","Dunboyne","2026-04-06",2026-04-17,"OP-018",47.3,98.24,86.79,6.95,0.409,86.97,"No","No","No","No","Pass","Released","No","No"
"BN-BRI-202604-0231","Oncology-BioTx_01","Brinny","2026-04-10",2026-04-19,"OP-001",195.3,98.76,94.14,7.03,0.211,90.37,"No","No","No","No","Pass","Released","No","No"
"BN-BAL-202604-0299","HepC-API","Ballydine","2026-04-11",2026-04-19,"OP-008",197.2,99.64,89.26,7.02,0.294,88.02,"No","No","No","No","Pass","Released","No","No"
"BN-DUN-202604-0415","Biologics-DS-A","Dunboyne","2026-04-11",2026-04-20,"OP-007",104.3,97.34,84.66,7.04,0.268,83,"No","No","No","No","Pass","Released","No","No"
"BN-DUN-202604-0561","Biologics-DS-B","Dunboyne","2026-04-11",2026-04-26,"OP-005",97.6,97.59,86.9,7.19,0.222,85.39,"No","No","No","No","Pass","Released","No","No"
"BN-BRI-202604-0174","Oncology-BioTx_01","Brinny","2026-04-13",2026-04-25,"OP-013",100.2,98.41,93.52,7.16,0.265,88.34,"No","No","No","No","Pass","Released","No","No"
"BN-BAL-202604-0161","Keytruda-API","Ballydine","2026-04-14",2026-04-23,"OP-020",104.7,101.74,78.08,6.44,0.325,77.13,"Yes","Yes","Yes","No","Fail","Rejected","Yes","Yes"
"BN-BAL-202604-0434","HepC-API","Ballydine","2026-04-14",2026-04-21,"OP-014",195.7,98.75,89.09,7.32,0.315,89.09,"No","No","No","No","Pass","Released","No","No"
"BN-BAL-202604-0365","Keytruda-API","Ballydine","2026-04-17",2026-04-26,"OP-012",198.3,98.88,84.57,7.08,0.226,87.99,"No","No","No","No","Pass","Released","No","No"
"BN-BAL-202604-0289","HepC-API","Ballydine","2026-04-20",2026-05-07,"OP-001",102.5,97.94,89.27,7.27,0.114,86.53,"No","No","No","No","Pass","Released","Yes","Yes"
"BN-DUN-202604-0460","Biologics-DS-A","Dunboyne","2026-04-20",2026-05-03,"OP-007",102.6,97.95,90.94,7.1,0.291,81.32,"No","No","No","No","Pass","Released","No","No"
"BN-CAR-202604-0520","Gardasil-Fill","Carlow","2026-04-21",2026-04-26,"OP-004",51.7,97.88,87.42,7,0.156,90.78,"No","No","No","No","Pass","Released","No","No"
"BN-CAR-202604-0176","Gardasil-Fill","Carlow","2026-04-24",2026-04-29,"OP-008",204.1,99.22,88.46,7.14,0.317,92.54,"No","No","No","No","Pass","Released","No","No"
"BN-CAR-202604-0589","Gardasil-Fill","Carlow","2026-04-24",2026-05-04,"OP-010",45.6,98.94,86.62,6.89,0.286,90.74,"No","No","No","No","Pass","Released","No","No"
"BN-DUN-202604-0440","Biologics-DS-A","Dunboyne","2026-04-26",2026-05-04,"OP-011",54.1,97.35,92.15,7.09,0.27,82.84,"No","No","No","No","Pass","Released","No","No"
"BN-CAR-202604-0484","Gardasil-Fill","Carlow","2026-04-27",2026-05-06,"OP-015",253,99.3,94.31,7.17,0.253,92.75,"No","No","No","No","Pass","Released","No","No"
"BN-DUN-202604-0399","Biologics-DS-B","Dunboyne","2026-04-30",2026-05-06,"OP-008",204.8,99.21,91.67,7.09,0.371,83.69,"No","No","No","No","Pass","Released","No","No"
"BN-BAL-202605-0449","Keytruda-API","Ballydine","2026-05-03",2026-05-11,"OP-017",100.7,98.43,89.39,7,0.208,87.53,"No","No","No","No","Pass","Released","No","No"
"BN-DUN-202605-0396","Biologics-DS-A","Dunboyne","2026-05-04",2026-05-18,"OP-015",48.9,97.04,87.1,7.37,0.347,83.64,"No","No","No","No","Pass","Released","No","No"
"BN-BAL-202605-0596","HepC-API","Ballydine","2026-05-04",2026-05-21,"OP-017",246.2,98.96,85.54,7.21,0.276,88.16,"No","No","No","No","Pass","Released","No","No"
"BN-DUN-202605-0215","Biologics-DS-B","Dunboyne","2026-05-05",2026-05-11,"OP-002",245.5,98.23,93.93,7.04,0.24,85.35,"No","No","No","No","Pass","Released","No","No"
"BN-DUN-202605-0234","Biologics-DS-A","Dunboyne","2026-05-05",2026-05-19,"OP-009",201.6,97.89,89.34,7.2,0.357,82.55,"No","No","No","No","Pass","Released","No","No"
"BN-BAL-202605-0595","Keytruda-API","Ballydine","2026-05-06",2026-05-22,"OP-014",102.3,99.35,85.83,7.09,0.364,87.47,"No","No","No","No","Pass","Released","No","No"
"BN-DUN-202605-0120","Biologics-DS-B","Dunboyne","2026-05-13",2026-05-25,"OP-013",45.7,98.01,87.79,7.14,0.178,86.14,"No","No","No","No","Pass","Released","No","No"
"BN-BAL-202605-0548","HepC-API","Ballydine","2026-05-14",2026-06-01,"OP-010",45.9,99.17,90.72,7.26,0.309,90.54,"No","No","No","No","Pass","Released","No","No"
"BN-BAL-202605-0438","HepC-API","Ballydine","2026-05-15",2026-05-31,"OP-009",203.6,99.06,91.05,7.12,0.272,87.98,"No","No","No","No","Pass","Released","No","No"
"BN-DUN-202605-0332","Biologics-DS-B","Dunboyne","2026-05-20",2026-05-27,"OP-002",46.3,97.92,80.77,6.93,0.269,89.97,"No","No","No","No","Pass","Released","No","No"
"BN-CAR-202605-0431","Gardasil-Fill","Carlow","2026-05-26",2026-06-08,"OP-004",100.7,99.95,87.7,7.07,0.222,91.58,"No","No","No","No","Pass","Released","No","No"
"BN-CAR-202605-0114","Gardasil-Fill","Carlow","2026-05-31",2026-06-05,"OP-015",200.1,99.66,88.28,7.07,0.431,90.54,"No","No","No","No","Pass","Released","No","No"
"BN-CAR-202606-0228","Gardasil-Fill","Carlow","2026-06-04",2026-06-22,"OP-015",202,97.05,85.9,7.2,0.317,89.55,"No","No","No","No","Pass","Released","No","No"
"BN-BAL-202606-0369","Keytruda-API","Ballydine","2026-06-04",2026-06-18,"OP-014",50.2,99.3,87.58,6.97,0.198,88.04,"No","No","No","No","Pass","Released","Yes","Yes"
"BN-DUN-202606-0259","Biologics-DS-A","Dunboyne","2026-06-09",2026-06-17,"OP-008",49,97.88,88.17,7.16,0.186,88,"No","No","No","No","Pass","Released","No","No"
"BN-DUN-202606-0109","Biologics-DS-A","Dunboyne","2026-06-10",2026-06-18,"OP-009",53.3,98.68,88.6,7.15,0.321,84.76,"No","No","No","No","Pass","Released","Yes","Yes"
"BN-DUN-202606-0453","Biologics-DS-A","Dunboyne","2026-06-11",2026-06-17,"OP-018",195,97.85,85.57,7.19,0.228,83.64,"No","No","No","No","Pass","Released","No","No"
"BN-DUN-202606-0482","Biologics-DS-B","Dunboyne","2026-06-11",2026-06-19,"OP-011",196.9,98.43,89.9,7,0.319,85.26,"No","No","No","No","Pass","Released","No","No"
"BN-BRI-202606-0255","Oncology-BioTx_01","Brinny","2026-06-12",2026-06-29,"OP-003",50.4,99.47,93.64,7.14,0.308,87.6,"No","No","No","No","Pass","Released","No","No"
"BN-DUN-202606-0330","Biologics-DS-B","Dunboyne","2026-06-12",2026-06-21,"OP-001",246.9,98.58,90.87,7.18,0.306,83.95,"No","No","No","No","Pass","Released","No","No"
"BN-DUN-202606-0592","Biologics-DS-A","Dunboyne","2026-06-13",2026-06-27,"OP-018",195.2,97.55,86.41,6.96,0.142,85.76,"No","No","No","No","Pass","Released","No","No"
"BN-BAL-202606-0236","Keytruda-API","Ballydine","2026-06-18",2026-06-29,"OP-014",52.4,99.12,85.25,7.34,0.202,86.55,"No","No","No","No","Pass","Released","No","No"
"BN-BRI-202606-0381","Oncology-BioTx_01","Brinny","2026-06-22",2026-07-07,"OP-008",101.9,94.16,71.18,6.44,0.281,75.41,"Yes","Yes","Yes","No","Fail","Rejected","Yes","Yes"
"BN-BRI-202606-0022","Oncology-BioTx_01","Brinny","2026-06-24",2026-07-05,"OP-018",201.3,99.03,86.6,6.95,0.327,89.44,"No","No","No","No","Pass","Released","No","No"
